,distance (meters),time
0,1068,0 days 00:03:47.000000000
298,3735,0 days 00:14:12.000000000
333,1686,0 days 00:06:26.000000000
519,954,0 days 00:03:33.000000000
988,2543,0 days 00:10:16.000000000
1194,4091,0 days 00:15:43.000000000
1873,2685,0 days 00:09:46.000000000
2491,1984,0 days 00:07:32.000000000
4606,4911,0 days 00:18:50.000000000
5087,7762,0 days 00:28:22.000000000
5354,0,0 days 00:00:00.000000000
5404,2121,0 days 00:08:29.000000000
6270,3274,0 days 00:12:31.000000000
6733,3497,0 days 00:13:00.000000000
6737,609,0 days 00:02:46.000000000
7423,5125,0 days 00:20:22.000000000
7612,1531,0 days 00:06:00.000000000
7691,2684,0 days 00:10:29.000000000
7784,714,0 days 00:04:21.000000000
8172,5255,0 days 00:19:50.000000000
8414,6881,0 days 00:24:38.000000000
12616,8764,0 days 00:31:34.000000000
12928,540,0 days 00:02:36.000000000
13159,3725,0 days 00:14:26.000000000
13839,7970,0 days 00:29:17.000000000
14155,4228,0 days 00:15:01.000000000
15079,1004,0 days 00:04:43.000000000
19515,7992,0 days 00:28:35.000000000
19578,5590,0 days 00:20:03.000000000
19604,3128,0 days 00:12:11.000000000
20599,1162,0 days 00:04:11.000000000
23814,7656,0 days 00:25:05.000000000
30468,8117,0 days 00:29:57.000000000
42168,6532,0 days 00:23:01.000000000
44501,7847,0 days 00:28:38.000000000
49690,9237,0 days 00:29:59.000000000
49827,8023,0 days 00:26:06.000000000
52676,5111,0 days 00:19:16.000000000
59100,5914,0 days 00:20:59.000000000
60573,8129,0 days 00:30:06.000000000
63727,7866,0 days 00:28:51.000000000
73852,6355,0 days 00:28:04.000000000
1,2868,0 days 00:12:03.000000000
2,1080,0 days 00:04:27.000000000
48,3309,0 days 00:13:05.000000000
67,1185,0 days 00:04:50.000000000
136,6429,0 days 00:22:44.000000000
454,464,0 days 00:02:06.000000000
456,567,0 days 00:02:10.000000000
681,1138,0 days 00:05:06.000000000
720,0,0 days 00:00:00.000000000
1163,2713,0 days 00:10:51.000000000
1517,3246,0 days 00:14:04.000000000
2018,661,0 days 00:02:35.000000000
2489,540,0 days 00:03:01.000000000
2795,1635,0 days 00:06:54.000000000
3341,3826,0 days 00:15:42.000000000
4073,6339,0 days 00:23:17.000000000
4821,2305,0 days 00:10:03.000000000
4840,8741,0 days 00:31:49.000000000
5863,684,0 days 00:03:36.000000000
5990,4710,0 days 00:19:02.000000000
6862,3675,0 days 00:14:23.000000000
7287,2269,0 days 00:08:26.000000000
7486,4075,0 days 00:16:02.000000000
8111,1745,0 days 00:09:26.000000000
12131,9513,0 days 00:34:47.000000000
12579,3320,0 days 00:12:52.000000000
22952,10393,0 days 00:34:17.000000000
24012,4839,0 days 00:18:29.000000000
24745,7241,0 days 00:23:44.000000000
24798,10557,0 days 00:34:14.000000000
25114,4695,0 days 00:17:55.000000000
27040,7281,0 days 00:26:14.000000000
34284,7630,0 days 00:27:52.000000000
40861,4378,0 days 00:16:39.000000000
43734,11031,0 days 00:35:35.000000000
48384,11047,0 days 00:35:44.000000000
51980,7607,0 days 00:24:46.000000000
52412,8822,0 days 00:28:39.000000000
52456,8865,0 days 00:33:11.000000000
55072,4495,0 days 00:17:30.000000000
72057,9423,0 days 00:31:16.000000000
3,2865,0 days 00:08:36.000000000
52,5855,0 days 00:21:19.000000000
68,1040,0 days 00:04:39.000000000
113,0,0 days 00:00:00.000000000
114,4033,0 days 00:12:53.000000000
210,1131,0 days 00:04:07.000000000
228,1288,0 days 00:06:31.000000000
275,6331,0 days 00:21:00.000000000
449,3288,0 days 00:12:44.000000000
457,2810,0 days 00:12:40.000000000
588,4842,0 days 00:18:53.000000000
639,4504,0 days 00:18:19.000000000
666,645,0 days 00:03:24.000000000
716,3947,0 days 00:15:06.000000000
747,3298,0 days 00:14:21.000000000
772,586,0 days 00:03:07.000000000
834,1129,0 days 00:06:09.000000000
868,3578,0 days 00:14:54.000000000
1573,1854,0 days 00:07:40.000000000
1687,998,0 days 00:05:09.000000000
1803,3634,0 days 00:12:00.000000000
1974,987,0 days 00:03:33.000000000
2076,2860,0 days 00:10:06.000000000
2173,3864,0 days 00:14:23.000000000
2682,3865,0 days 00:16:44.000000000
2731,3230,0 days 00:12:20.000000000
2748,4271,0 days 00:15:37.000000000
2804,5257,0 days 00:17:17.000000000
2857,5593,0 days 00:19:03.000000000
3282,2864,0 days 00:11:18.000000000
4201,3335,0 days 00:12:53.000000000
4542,3338,0 days 00:09:55.000000000
4756,5091,0 days 00:18:34.000000000
5214,5161,0 days 00:19:11.000000000
7145,3759,0 days 00:12:20.000000000
7174,4186,0 days 00:16:04.000000000
9202,2905,0 days 00:12:07.000000000
9306,3558,0 days 00:17:30.000000000
9458,4158,0 days 00:13:42.000000000
10053,3541,0 days 00:12:28.000000000
10189,6347,0 days 00:21:09.000000000
11308,6176,0 days 00:22:36.000000000
12968,5183,0 days 00:18:00.000000000
17461,4951,0 days 00:17:44.000000000
27571,4234,0 days 00:13:26.000000000
27847,4385,0 days 00:18:50.000000000
34084,4015,0 days 00:15:52.000000000
35336,4808,0 days 00:18:57.000000000
35438,4428,0 days 00:15:21.000000000
42737,4448,0 days 00:17:32.000000000
4,4109,0 days 00:13:05.000000000
9,0,0 days 00:00:00.000000000
11,2453,0 days 00:11:07.000000000
44,4583,0 days 00:14:33.000000000
192,3811,0 days 00:12:20.000000000
208,3353,0 days 00:13:22.000000000
213,4599,0 days 00:14:42.000000000
494,1332,0 days 00:04:44.000000000
617,2534,0 days 00:08:22.000000000
930,637,0 days 00:01:45.000000000
1152,3865,0 days 00:16:39.000000000
1348,3228,0 days 00:13:02.000000000
1484,4777,0 days 00:19:02.000000000
1532,2796,0 days 00:13:44.000000000
1771,3298,0 days 00:15:15.000000000
1918,455,0 days 00:03:15.000000000
2872,800,0 days 00:04:13.000000000
3372,8795,0 days 00:31:52.000000000
4090,5187,0 days 00:20:05.000000000
4816,7356,0 days 00:26:18.000000000
5449,2320,0 days 00:11:43.000000000
5604,3135,0 days 00:13:30.000000000
8577,8002,0 days 00:27:37.000000000
10074,3298,0 days 00:15:31.000000000
10575,5174,0 days 00:18:05.000000000
12756,6778,0 days 00:21:53.000000000
12767,6938,0 days 00:23:04.000000000
14559,5413,0 days 00:28:35.000000000
14909,9323,0 days 00:33:23.000000000
16798,7231,0 days 00:26:42.000000000
18216,7084,0 days 00:25:51.000000000
18535,2820,0 days 00:13:08.000000000
21027,7789,0 days 00:26:37.000000000
22880,3041,0 days 00:16:23.000000000
23999,6468,0 days 00:32:39.000000000
33233,4226,0 days 00:20:26.000000000
35584,7403,0 days 00:29:34.000000000
36461,4022,0 days 00:16:23.000000000
46440,8748,0 days 00:31:44.000000000
53615,7961,0 days 00:31:32.000000000
5,581,0 days 00:02:01.000000000
86,1712,0 days 00:07:16.000000000
94,2207,0 days 00:08:56.000000000
197,4180,0 days 00:14:05.000000000
230,0,0 days 00:00:00.000000000
244,2617,0 days 00:09:57.000000000
338,1452,0 days 00:06:18.000000000
619,1223,0 days 00:05:53.000000000
1030,2308,0 days 00:09:57.000000000
1126,740,0 days 00:02:51.000000000
1425,1977,0 days 00:08:28.000000000
2346,1212,0 days 00:05:20.000000000
2502,5685,0 days 00:18:23.000000000
2705,2987,0 days 00:11:26.000000000
3209,487,0 days 00:01:26.000000000
4729,4712,0 days 00:15:36.000000000
4802,5606,0 days 00:24:23.000000000
5307,6164,0 days 00:27:06.000000000
6216,1125,0 days 00:05:02.000000000
6717,769,0 days 00:03:30.000000000
6934,5391,0 days 00:21:27.000000000
9728,6052,0 days 00:19:25.000000000
11047,909,0 days 00:03:56.000000000
11420,1083,0 days 00:05:05.000000000
16202,4217,0 days 00:15:46.000000000
17468,5152,0 days 00:22:29.000000000
17843,5590,0 days 00:24:26.000000000
20008,5416,0 days 00:24:48.000000000
23324,4833,0 days 00:19:28.000000000
26519,3071,0 days 00:13:38.000000000
31309,5549,0 days 00:25:46.000000000
32782,5802,0 days 00:29:20.000000000
43439,1685,0 days 00:09:25.000000000
48007,12134,0 days 00:44:01.000000000
60136,2831,0 days 00:16:39.000000000
63640,10262,0 days 00:37:34.000000000
63652,6080,0 days 00:26:33.000000000
75909,4268,0 days 00:16:25.000000000
6,1774,0 days 00:07:30.000000000
36,4911,0 days 00:16:12.000000000
45,301,0 days 00:00:56.000000000
65,4380,0 days 00:14:41.000000000
141,2106,0 days 00:09:34.000000000
171,881,0 days 00:04:43.000000000
341,2415,0 days 00:09:37.000000000
380,0,0 days 00:00:00.000000000
416,6849,0 days 00:30:34.000000000
1233,2005,0 days 00:08:36.000000000
1283,4631,0 days 00:19:08.000000000
1468,1531,0 days 00:07:25.000000000
1556,5615,0 days 00:25:24.000000000
1557,5884,0 days 00:18:59.000000000
1609,1011,0 days 00:05:00.000000000
1862,1250,0 days 00:05:57.000000000
2000,5673,0 days 00:26:33.000000000
3698,832,0 days 00:03:45.000000000
4039,3187,0 days 00:12:02.000000000
4287,526,0 days 00:01:31.000000000
5191,2869,0 days 00:13:15.000000000
5255,7868,0 days 00:34:16.000000000
6424,703,0 days 00:04:46.000000000
6439,4016,0 days 00:15:26.000000000
6585,1109,0 days 00:04:32.000000000
6650,939,0 days 00:04:35.000000000
9552,7153,0 days 00:31:37.000000000
11277,939,0 days 00:03:27.000000000
11491,5351,0 days 00:23:05.000000000
16825,5189,0 days 00:21:06.000000000
18595,8797,0 days 00:32:17.000000000
19191,8944,0 days 00:33:09.000000000
22087,1748,0 days 00:09:39.000000000
23365,5789,0 days 00:25:02.000000000
23564,5805,0 days 00:24:59.000000000
25804,6251,0 days 00:20:01.000000000
26699,10461,0 days 00:38:10.000000000
26706,9069,0 days 00:32:45.000000000
28051,5348,0 days 00:25:26.000000000
28248,6363,0 days 00:27:42.000000000
28954,6209,0 days 00:28:06.000000000
39348,7638,0 days 00:32:16.000000000
44411,2893,0 days 00:16:54.000000000
44655,5865,0 days 00:29:34.000000000
45800,7835,0 days 00:34:03.000000000
46691,12333,0 days 00:44:37.000000000
50859,11036,0 days 00:39:49.000000000
63442,6280,0 days 00:27:09.000000000
7,1121,0 days 00:05:01.000000000
12,2904,0 days 00:12:38.000000000
41,2824,0 days 00:09:54.000000000
56,2834,0 days 00:08:28.000000000
74,1519,0 days 00:06:23.000000000
142,0,0 days 00:00:00.000000000
470,1596,0 days 00:06:07.000000000
543,1687,0 days 00:06:23.000000000
570,2170,0 days 00:08:12.000000000
624,3538,0 days 00:15:17.000000000
754,2480,0 days 00:08:55.000000000
829,996,0 days 00:04:41.000000000
1483,2361,0 days 00:07:10.000000000
1537,1476,0 days 00:06:57.000000000
1790,5171,0 days 00:21:12.000000000
2723,2955,0 days 00:11:43.000000000
4970,2545,0 days 00:10:40.000000000
5451,4506,0 days 00:23:05.000000000
7018,3529,0 days 00:11:27.000000000
8066,2428,0 days 00:10:37.000000000
9861,4555,0 days 00:17:30.000000000
10271,3217,0 days 00:14:00.000000000
10471,3758,0 days 00:16:10.000000000
12447,2453,0 days 00:11:15.000000000
12714,3590,0 days 00:15:50.000000000
13382,5762,0 days 00:28:52.000000000
13530,5729,0 days 00:23:11.000000000
19219,5261,0 days 00:26:51.000000000
19221,2928,0 days 00:12:01.000000000
19972,1632,0 days 00:08:17.000000000
21765,7693,0 days 00:33:41.000000000
25459,6199,0 days 00:29:52.000000000
33819,3406,0 days 00:14:25.000000000
35278,1790,0 days 00:08:02.000000000
40942,3406,0 days 00:14:09.000000000
43700,2313,0 days 00:10:25.000000000
53093,4301,0 days 00:18:58.000000000
54959,903,0 days 00:05:09.000000000
65750,1535,0 days 00:10:24.000000000
66910,4412,0 days 00:23:16.000000000
8,4370,0 days 00:14:07.000000000
42,0,0 days 00:00:00.000000000
125,1977,0 days 00:07:31.000000000
195,2645,0 days 00:09:57.000000000
248,3987,0 days 00:14:21.000000000
632,2468,0 days 00:10:09.000000000
841,5348,0 days 00:16:52.000000000
1039,2418,0 days 00:08:33.000000000
1246,5644,0 days 00:25:28.000000000
1309,928,0 days 00:04:01.000000000
1515,362,0 days 00:02:55.000000000
1765,566,0 days 00:01:22.000000000
2001,3838,0 days 00:12:36.000000000
2717,398,0 days 00:01:22.000000000
3584,5161,0 days 00:20:02.000000000
4049,572,0 days 00:02:25.000000000
4675,948,0 days 00:04:44.000000000
5219,2148,0 days 00:08:52.000000000
6440,1243,0 days 00:05:18.000000000
6672,922,0 days 00:07:17.000000000
7025,1056,0 days 00:03:10.000000000
7748,4602,0 days 00:18:03.000000000
7947,3231,0 days 00:13:50.000000000
8029,5714,0 days 00:17:53.000000000
8097,4815,0 days 00:20:58.000000000
8608,483,0 days 00:01:08.000000000
8686,5827,0 days 00:25:35.000000000
10961,1221,0 days 00:04:53.000000000
13437,11797,0 days 00:42:30.000000000
17140,5269,0 days 00:22:52.000000000
17557,1384,0 days 00:06:06.000000000
19008,10822,0 days 00:39:23.000000000
23155,5319,0 days 00:24:21.000000000
23393,5743,0 days 00:25:02.000000000
38543,8532,0 days 00:30:37.000000000
42449,5252,0 days 00:22:55.000000000
44047,2068,0 days 00:14:32.000000000
50674,8408,0 days 00:31:01.000000000
56007,6820,0 days 00:29:29.000000000
66814,5039,0 days 00:27:12.000000000
69470,6180,0 days 00:27:02.000000000
76191,9924,0 days 00:36:03.000000000
10,965,0 days 00:03:38.000000000
69,0,0 days 00:00:00.000000000
236,2334,0 days 00:08:28.000000000
421,2121,0 days 00:07:44.000000000
1003,2968,0 days 00:11:47.000000000
1038,4260,0 days 00:22:39.000000000
1533,1324,0 days 00:06:10.000000000
2229,2151,0 days 00:07:01.000000000
2828,6080,0 days 00:22:01.000000000
4497,6638,0 days 00:24:00.000000000
5315,2286,0 days 00:07:54.000000000
5426,3809,0 days 00:13:04.000000000
6159,6197,0 days 00:21:35.000000000
6213,6796,0 days 00:28:19.000000000
6477,1394,0 days 00:04:34.000000000
8430,8139,0 days 00:34:24.000000000
12779,3399,0 days 00:12:03.000000000
14607,7475,0 days 00:32:40.000000000
18321,9061,0 days 00:28:41.000000000
23016,8695,0 days 00:27:39.000000000
24993,8602,0 days 00:34:30.000000000
28459,2740,0 days 00:11:13.000000000
30036,7114,0 days 00:23:01.000000000
30385,7658,0 days 00:30:59.000000000
30851,7232,0 days 00:35:19.000000000
32424,5550,0 days 00:19:14.000000000
35214,2375,0 days 00:08:48.000000000
38204,2578,0 days 00:10:34.000000000
39935,8297,0 days 00:33:27.000000000
47296,7645,0 days 00:24:31.000000000
51808,9388,0 days 00:38:49.000000000
55841,3115,0 days 00:15:24.000000000
56195,2968,0 days 00:11:06.000000000
57498,7122,0 days 00:29:26.000000000
71173,11040,0 days 00:45:19.000000000
13,8836,0 days 00:37:25.000000000
32,1551,0 days 00:08:28.000000000
137,1795,0 days 00:07:23.000000000
418,1978,0 days 00:08:50.000000000
430,0,0 days 00:00:00.000000000
1183,6244,0 days 00:26:56.000000000
1346,2020,0 days 00:09:10.000000000
1440,2760,0 days 00:15:46.000000000
1570,3268,0 days 00:15:09.000000000
3070,7828,0 days 00:25:17.000000000
3153,9045,0 days 00:37:09.000000000
3287,922,0 days 00:03:44.000000000
4259,5528,0 days 00:20:37.000000000
4872,2970,0 days 00:11:13.000000000
4977,6086,0 days 00:22:36.000000000
5268,8732,0 days 00:35:32.000000000
5481,8883,0 days 00:37:34.000000000
5688,1749,0 days 00:08:34.000000000
5980,2384,0 days 00:11:34.000000000
6047,2222,0 days 00:09:10.000000000
6065,1864,0 days 00:07:39.000000000
6182,2188,0 days 00:09:08.000000000
6220,3387,0 days 00:12:50.000000000
6242,6778,0 days 00:22:09.000000000
6429,5330,0 days 00:19:13.000000000
8308,2095,0 days 00:09:54.000000000
12111,6247,0 days 00:20:39.000000000
13017,4998,0 days 00:17:50.000000000
13039,2264,0 days 00:10:59.000000000
15224,6570,0 days 00:28:02.000000000
19050,8050,0 days 00:33:06.000000000
23935,6961,0 days 00:31:26.000000000
24231,2222,0 days 00:10:56.000000000
24444,12743,0 days 00:44:50.000000000
25515,6771,0 days 00:31:51.000000000
28193,3905,0 days 00:23:00.000000000
31733,8194,0 days 00:26:19.000000000
36444,6507,0 days 00:29:32.000000000
39464,6945,0 days 00:31:29.000000000
59135,7745,0 days 00:32:04.000000000
59248,7106,0 days 00:29:36.000000000
61665,8765,0 days 00:35:45.000000000
74725,8611,0 days 00:35:27.000000000
15,1852,0 days 00:06:43.000000000
34,0,0 days 00:00:00.000000000
51,1498,0 days 00:04:44.000000000
62,7295,0 days 00:27:48.000000000
357,5211,0 days 00:16:48.000000000
368,6855,0 days 00:23:27.000000000
625,861,0 days 00:02:59.000000000
672,2287,0 days 00:13:46.000000000
704,5375,0 days 00:16:44.000000000
788,3072,0 days 00:11:56.000000000
855,1850,0 days 00:11:49.000000000
1519,5849,0 days 00:18:06.000000000
1601,7688,0 days 00:26:46.000000000
1982,5599,0 days 00:21:32.000000000
3221,6984,0 days 00:28:32.000000000
3231,6636,0 days 00:25:27.000000000
3406,7211,0 days 00:27:05.000000000
3421,3846,0 days 00:13:51.000000000
3491,7264,0 days 00:24:30.000000000
3521,2303,0 days 00:13:43.000000000
3870,2778,0 days 00:15:53.000000000
4072,5865,0 days 00:18:15.000000000
4139,6683,0 days 00:25:35.000000000
4932,4776,0 days 00:14:23.000000000
5355,380,0 days 00:01:04.000000000
5762,7828,0 days 00:25:07.000000000
8287,5119,0 days 00:20:25.000000000
8816,6507,0 days 00:25:49.000000000
8953,6125,0 days 00:20:28.000000000
9790,4972,0 days 00:19:34.000000000
9905,6463,0 days 00:21:55.000000000
11579,5244,0 days 00:20:01.000000000
12368,6445,0 days 00:22:34.000000000
12561,8508,0 days 00:31:54.000000000
12939,9480,0 days 00:33:59.000000000
13090,5195,0 days 00:17:06.000000000
13449,8865,0 days 00:30:17.000000000
17080,8839,0 days 00:29:51.000000000
19204,2113,0 days 00:14:09.000000000
19401,6497,0 days 00:26:51.000000000
23864,3753,0 days 00:14:19.000000000
23990,8191,0 days 00:32:31.000000000
26499,6099,0 days 00:20:48.000000000
29574,7534,0 days 00:28:46.000000000
29695,7362,0 days 00:28:34.000000000
57662,6925,0 days 00:27:36.000000000
61000,3659,0 days 00:17:12.000000000
63856,7715,0 days 00:32:19.000000000
17,4265,0 days 00:16:36.000000000
124,616,0 days 00:02:59.000000000
479,2354,0 days 00:08:29.000000000
567,9763,0 days 00:34:05.000000000
652,4734,0 days 00:17:42.000000000
663,0,0 days 00:00:00.000000000
1284,586,0 days 00:02:55.000000000
1611,2678,0 days 00:09:25.000000000
1915,4459,0 days 00:22:08.000000000
2779,4893,0 days 00:18:31.000000000
2985,4526,0 days 00:16:47.000000000
3091,4755,0 days 00:17:00.000000000
3243,4880,0 days 00:18:22.000000000
3871,3645,0 days 00:13:04.000000000
3901,1228,0 days 00:09:31.000000000
4078,5528,0 days 00:19:59.000000000
6199,3295,0 days 00:11:26.000000000
6231,4327,0 days 00:21:13.000000000
6340,3749,0 days 00:18:20.000000000
11052,6877,0 days 00:25:51.000000000
12774,9396,0 days 00:33:03.000000000
13112,2950,0 days 00:15:46.000000000
13535,4235,0 days 00:16:21.000000000
13691,10577,0 days 00:32:07.000000000
15226,4610,0 days 00:17:03.000000000
15368,3649,0 days 00:18:29.000000000
17119,2311,0 days 00:13:18.000000000
17944,4041,0 days 00:21:07.000000000
18368,1775,0 days 00:11:44.000000000
19582,4975,0 days 00:24:45.000000000
21263,4630,0 days 00:17:16.000000000
23923,4250,0 days 00:20:51.000000000
24708,5229,0 days 00:21:01.000000000
32071,5725,0 days 00:22:22.000000000
37860,3816,0 days 00:19:09.000000000
38993,3519,0 days 00:16:21.000000000
39576,5989,0 days 00:27:32.000000000
41941,11108,0 days 00:33:37.000000000
53961,4088,0 days 00:21:16.000000000
57108,6519,0 days 00:29:24.000000000
57781,4939,0 days 00:24:27.000000000
57951,3034,0 days 00:15:41.000000000
66509,5845,0 days 00:26:58.000000000
19,0,0 days 00:00:00.000000000
83,1370,0 days 00:06:24.000000000
106,1077,0 days 00:04:59.000000000
178,4086,0 days 00:14:58.000000000
201,2556,0 days 00:09:53.000000000
258,801,0 days 00:02:43.000000000
317,1393,0 days 00:06:15.000000000
523,478,0 days 00:02:23.000000000
621,5254,0 days 00:16:50.000000000
627,815,0 days 00:02:46.000000000
1040,5310,0 days 00:20:59.000000000
1619,4752,0 days 00:19:00.000000000
1799,6969,0 days 00:30:27.000000000
2044,4136,0 days 00:15:19.000000000
2063,8439,0 days 00:30:36.000000000
2336,3555,0 days 00:13:28.000000000
2342,2126,0 days 00:08:29.000000000
2479,5794,0 days 00:26:25.000000000
2666,7274,0 days 00:31:29.000000000
2714,328,0 days 00:01:15.000000000
3507,429,0 days 00:02:51.000000000
4696,785,0 days 00:04:24.000000000
6005,1533,0 days 00:07:03.000000000
6397,4985,0 days 00:23:15.000000000
6684,5649,0 days 00:25:00.000000000
7084,4721,0 days 00:20:56.000000000
7470,2567,0 days 00:09:31.000000000
7635,1371,0 days 00:05:50.000000000
8483,9831,0 days 00:36:01.000000000
8801,1937,0 days 00:08:34.000000000
10684,5620,0 days 00:17:52.000000000
14398,7759,0 days 00:32:09.000000000
16017,2618,0 days 00:11:07.000000000
16774,11703,0 days 00:42:28.000000000
16777,1345,0 days 00:08:47.000000000
17566,5159,0 days 00:22:53.000000000
19084,5462,0 days 00:28:42.000000000
20547,8314,0 days 00:31:00.000000000
30720,6330,0 days 00:27:59.000000000
39703,5733,0 days 00:25:33.000000000
44525,2947,0 days 00:13:18.000000000
49576,8167,0 days 00:30:09.000000000
49740,5468,0 days 00:25:19.000000000
66955,10406,0 days 00:37:40.000000000
75467,7989,0 days 00:34:08.000000000
21,1998,0 days 00:07:22.000000000
57,1433,0 days 00:05:26.000000000
108,4735,0 days 00:24:33.000000000
287,5680,0 days 00:17:58.000000000
669,424,0 days 00:02:52.000000000
755,4772,0 days 00:18:50.000000000
889,618,0 days 00:04:38.000000000
1310,2260,0 days 00:09:30.000000000
1324,4303,0 days 00:14:55.000000000
1373,3003,0 days 00:10:46.000000000
1507,0,0 days 00:00:00.000000000
1691,1588,0 days 00:06:19.000000000
2223,940,0 days 00:04:28.000000000
2625,1960,0 days 00:08:24.000000000
3230,1348,0 days 00:04:47.000000000
3364,6431,0 days 00:28:17.000000000
3408,5314,0 days 00:16:56.000000000
3898,4214,0 days 00:16:51.000000000
4401,783,0 days 00:03:37.000000000
5209,1356,0 days 00:05:56.000000000
5868,5792,0 days 00:25:49.000000000
6626,1496,0 days 00:06:45.000000000
6651,860,0 days 00:03:21.000000000
6896,2581,0 days 00:10:47.000000000
7517,5323,0 days 00:26:46.000000000
7749,676,0 days 00:03:56.000000000
7829,4541,0 days 00:24:23.000000000
9396,5218,0 days 00:22:59.000000000
10667,833,0 days 00:03:40.000000000
10896,4781,0 days 00:21:02.000000000
15453,8498,0 days 00:30:42.000000000
17479,6428,0 days 00:31:20.000000000
20753,1764,0 days 00:11:52.000000000
20993,538,0 days 00:02:29.000000000
22961,5045,0 days 00:23:22.000000000
27484,3344,0 days 00:14:28.000000000
31257,5234,0 days 00:22:56.000000000
32713,5256,0 days 00:24:16.000000000
32765,8226,0 days 00:30:15.000000000
38886,4640,0 days 00:24:44.000000000
43447,7221,0 days 00:29:59.000000000
60795,7418,0 days 00:31:46.000000000
23,2812,0 days 00:11:51.000000000
102,640,0 days 00:02:28.000000000
281,1770,0 days 00:05:59.000000000
394,5325,0 days 00:17:49.000000000
485,2107,0 days 00:06:32.000000000
593,2134,0 days 00:09:27.000000000
728,1651,0 days 00:06:15.000000000
793,1190,0 days 00:04:41.000000000
946,1581,0 days 00:06:39.000000000
1083,2224,0 days 00:09:38.000000000
1266,4034,0 days 00:13:14.000000000
1410,3382,0 days 00:14:19.000000000
1739,8679,0 days 00:28:56.000000000
1920,1777,0 days 00:07:58.000000000
1957,1626,0 days 00:05:57.000000000
2324,6484,0 days 00:23:05.000000000
2498,563,0 days 00:02:00.000000000
3039,0,0 days 00:00:00.000000000
3129,1730,0 days 00:07:50.000000000
3576,4125,0 days 00:12:41.000000000
3851,1972,0 days 00:08:20.000000000
4109,2015,0 days 00:08:20.000000000
4384,2073,0 days 00:06:37.000000000
4457,6206,0 days 00:21:33.000000000
4781,2310,0 days 00:08:58.000000000
4874,2740,0 days 00:12:15.000000000
4906,6436,0 days 00:21:46.000000000
5072,3589,0 days 00:15:26.000000000
5735,6414,0 days 00:22:28.000000000
6600,5915,0 days 00:21:07.000000000
6774,3005,0 days 00:12:11.000000000
7031,4916,0 days 00:22:31.000000000
7042,2628,0 days 00:11:09.000000000
7750,6310,0 days 00:22:02.000000000
8181,4976,0 days 00:16:12.000000000
9200,1131,0 days 00:04:23.000000000
9651,5946,0 days 00:21:22.000000000
10056,4284,0 days 00:16:54.000000000
11868,6497,0 days 00:21:25.000000000
11936,6561,0 days 00:23:08.000000000
18856,3754,0 days 00:15:02.000000000
23033,6573,0 days 00:23:17.000000000
24964,7208,0 days 00:24:45.000000000
27520,5186,0 days 00:23:59.000000000
28867,7344,0 days 00:24:22.000000000
30593,6291,0 days 00:21:49.000000000
54017,6863,0 days 00:22:27.000000000
56191,3610,0 days 00:14:28.000000000
76270,2245,0 days 00:07:09.000000000
24,3836,0 days 00:12:32.000000000
66,2266,0 days 00:06:49.000000000
78,4068,0 days 00:13:14.000000000
145,637,0 days 00:01:48.000000000
215,3091,0 days 00:12:55.000000000
391,590,0 days 00:02:52.000000000
392,1092,0 days 00:05:02.000000000
427,5817,0 days 00:19:53.000000000
443,0,0 days 00:00:00.000000000
490,2791,0 days 00:15:45.000000000
1068,3578,0 days 00:11:37.000000000
1333,4051,0 days 00:13:05.000000000
1712,3280,0 days 00:10:52.000000000
1905,8264,0 days 00:30:25.000000000
2788,7180,0 days 00:26:22.000000000
3922,3985,0 days 00:14:27.000000000
3931,8876,0 days 00:32:37.000000000
3946,4643,0 days 00:16:37.000000000
5337,2413,0 days 00:09:14.000000000
5341,5376,0 days 00:18:50.000000000
5692,3434,0 days 00:15:32.000000000
6278,2957,0 days 00:13:31.000000000
7165,6407,0 days 00:21:36.000000000
8338,9133,0 days 00:35:45.000000000
8761,3884,0 days 00:18:33.000000000
9706,7387,0 days 00:25:40.000000000
10022,3678,0 days 00:18:11.000000000
10722,7471,0 days 00:26:09.000000000
11560,6553,0 days 00:24:23.000000000
11982,6247,0 days 00:20:25.000000000
12618,7258,0 days 00:25:09.000000000
13424,10573,0 days 00:34:04.000000000
14500,4328,0 days 00:15:21.000000000
14858,9115,0 days 00:33:36.000000000
24758,8088,0 days 00:30:39.000000000
26464,8565,0 days 00:33:21.000000000
35345,3431,0 days 00:16:39.000000000
35991,6700,0 days 00:25:15.000000000
43445,4621,0 days 00:16:12.000000000
45240,11131,0 days 00:36:03.000000000
50378,8217,0 days 00:30:16.000000000
55427,10089,0 days 00:36:43.000000000
59444,3772,0 days 00:15:18.000000000
61952,3694,0 days 00:18:58.000000000
26,6733,0 days 00:24:13.000000000
123,1187,0 days 00:05:53.000000000
169,667,0 days 00:02:59.000000000
245,699,0 days 00:04:10.000000000
473,0,0 days 00:00:00.000000000
573,779,0 days 00:03:42.000000000
766,398,0 days 00:01:29.000000000
899,1467,0 days 00:06:53.000000000
1143,5404,0 days 00:21:28.000000000
1598,3712,0 days 00:13:34.000000000
1824,4140,0 days 00:17:30.000000000
1917,7013,0 days 00:24:45.000000000
2008,4510,0 days 00:17:41.000000000
3304,5597,0 days 00:18:22.000000000
3634,3373,0 days 00:15:16.000000000
3744,769,0 days 00:02:32.000000000
3845,2131,0 days 00:08:40.000000000
4347,5062,0 days 00:18:08.000000000
4805,4428,0 days 00:19:19.000000000
6280,3898,0 days 00:15:28.000000000
7432,3851,0 days 00:15:20.000000000
7575,2978,0 days 00:11:37.000000000
9213,4313,0 days 00:16:11.000000000
9523,1868,0 days 00:08:26.000000000
11578,1132,0 days 00:05:27.000000000
11605,5124,0 days 00:17:00.000000000
11642,6603,0 days 00:23:42.000000000
12366,4524,0 days 00:14:39.000000000
12421,6211,0 days 00:22:10.000000000
14916,5874,0 days 00:20:43.000000000
15893,5614,0 days 00:18:31.000000000
18202,4426,0 days 00:16:59.000000000
21055,2497,0 days 00:09:42.000000000
33685,4960,0 days 00:17:03.000000000
33757,3467,0 days 00:14:43.000000000
42653,5067,0 days 00:20:55.000000000
42679,4577,0 days 00:18:27.000000000
44239,6193,0 days 00:22:50.000000000
50654,3334,0 days 00:12:38.000000000
53381,4749,0 days 00:18:40.000000000
66874,5370,0 days 00:21:33.000000000
67810,4944,0 days 00:17:21.000000000
72437,7436,0 days 00:27:01.000000000
28,1244,0 days 00:03:52.000000000
177,5994,0 days 00:22:47.000000000
274,1248,0 days 00:04:21.000000000
293,1939,0 days 00:07:18.000000000
565,3760,0 days 00:14:14.000000000
589,4825,0 days 00:18:21.000000000
705,0,0 days 00:00:00.000000000
742,4873,0 days 00:19:05.000000000
971,2742,0 days 00:10:53.000000000
1072,1103,0 days 00:03:33.000000000
1105,3316,0 days 00:11:49.000000000
1736,4470,0 days 00:16:50.000000000
1837,2536,0 days 00:09:24.000000000
1971,3382,0 days 00:14:16.000000000
2274,9955,0 days 00:37:32.000000000
2480,1826,0 days 00:06:09.000000000
5316,7417,0 days 00:27:30.000000000
5884,8707,0 days 00:32:05.000000000
6088,4356,0 days 00:16:28.000000000
6752,1867,0 days 00:07:00.000000000
8582,10788,0 days 00:41:23.000000000
11135,2082,0 days 00:07:53.000000000
13658,3023,0 days 00:13:44.000000000
14102,6138,0 days 00:23:21.000000000
14838,5455,0 days 00:20:52.000000000
14874,11004,0 days 00:35:15.000000000
16792,10470,0 days 00:34:39.000000000
16804,11604,0 days 00:37:37.000000000
17195,11440,0 days 00:37:40.000000000
17337,4644,0 days 00:18:21.000000000
18335,5645,0 days 00:21:28.000000000
19731,5489,0 days 00:20:48.000000000
20662,3945,0 days 00:16:16.000000000
21592,8298,0 days 00:33:16.000000000
21882,5859,0 days 00:23:00.000000000
26889,12077,0 days 00:38:58.000000000
27862,8288,0 days 00:27:08.000000000
30988,12094,0 days 00:39:07.000000000
31370,10590,0 days 00:39:00.000000000
39473,9818,0 days 00:36:02.000000000
41901,11424,0 days 00:37:58.000000000
59079,8358,0 days 00:30:27.000000000
59081,5152,0 days 00:20:15.000000000
29,2165,0 days 00:09:34.000000000
59,4558,0 days 00:15:33.000000000
79,0,0 days 00:00:00.000000000
122,552,0 days 00:01:38.000000000
166,1284,0 days 00:05:12.000000000
175,1208,0 days 00:04:05.000000000
199,1739,0 days 00:07:31.000000000
206,1219,0 days 00:04:37.000000000
504,1636,0 days 00:06:57.000000000
1886,4994,0 days 00:17:57.000000000
2445,2204,0 days 00:09:52.000000000
3868,5648,0 days 00:19:25.000000000
3959,537,0 days 00:02:15.000000000
4607,5158,0 days 00:17:54.000000000
5434,5096,0 days 00:19:02.000000000
6257,3012,0 days 00:12:31.000000000
6497,4347,0 days 00:17:05.000000000
6645,3746,0 days 00:14:28.000000000
8615,1975,0 days 00:08:54.000000000
9157,5908,0 days 00:21:37.000000000
9422,5882,0 days 00:21:58.000000000
9823,3975,0 days 00:16:44.000000000
9964,3880,0 days 00:17:17.000000000
11576,2531,0 days 00:10:36.000000000
11763,6767,0 days 00:25:07.000000000
12832,4929,0 days 00:18:56.000000000
15099,4401,0 days 00:17:25.000000000
17546,5631,0 days 00:19:16.000000000
18518,5574,0 days 00:22:56.000000000
21011,4354,0 days 00:17:17.000000000
28689,6245,0 days 00:23:04.000000000
28905,4643,0 days 00:19:27.000000000
29199,5912,0 days 00:23:29.000000000
29875,6109,0 days 00:24:32.000000000
31682,3268,0 days 00:13:45.000000000
33495,6637,0 days 00:24:36.000000000
35853,5013,0 days 00:19:38.000000000
43136,4978,0 days 00:18:15.000000000
43529,7470,0 days 00:27:56.000000000
56101,5251,0 days 00:20:37.000000000
59812,5513,0 days 00:22:05.000000000
31,731,0 days 00:02:15.000000000
104,5318,0 days 00:19:01.000000000
107,2313,0 days 00:08:10.000000000
246,3157,0 days 00:12:52.000000000
292,2443,0 days 00:10:19.000000000
364,2958,0 days 00:13:46.000000000
475,4566,0 days 00:17:59.000000000
484,0,0 days 00:00:00.000000000
550,1409,0 days 00:05:13.000000000
590,692,0 days 00:04:23.000000000
598,2722,0 days 00:11:10.000000000
791,3146,0 days 00:10:43.000000000
961,1867,0 days 00:08:24.000000000
1127,4088,0 days 00:13:40.000000000
1146,2543,0 days 00:10:10.000000000
1465,4146,0 days 00:16:43.000000000
1469,3953,0 days 00:16:22.000000000
1868,5673,0 days 00:20:37.000000000
1891,3470,0 days 00:11:39.000000000
2005,1228,0 days 00:05:56.000000000
2017,1828,0 days 00:07:31.000000000
2162,2950,0 days 00:11:59.000000000
2226,3882,0 days 00:16:46.000000000
2618,3202,0 days 00:14:17.000000000
3448,5058,0 days 00:18:51.000000000
4174,6958,0 days 00:20:39.000000000
4809,5596,0 days 00:20:33.000000000
4836,4437,0 days 00:15:18.000000000
5592,1053,0 days 00:03:39.000000000
5924,5403,0 days 00:19:18.000000000
6259,5526,0 days 00:19:56.000000000
9110,7670,0 days 00:28:06.000000000
10134,3365,0 days 00:14:09.000000000
14661,5422,0 days 00:19:30.000000000
17643,8486,0 days 00:28:54.000000000
18699,3122,0 days 00:13:03.000000000
18837,7639,0 days 00:25:56.000000000
18957,3649,0 days 00:14:13.000000000
19358,4730,0 days 00:19:57.000000000
23185,5027,0 days 00:18:35.000000000
25235,5426,0 days 00:21:25.000000000
28307,9220,0 days 00:30:51.000000000
35753,6021,0 days 00:23:15.000000000
43289,7730,0 days 00:23:37.000000000
53127,5685,0 days 00:20:45.000000000
59437,5700,0 days 00:23:25.000000000
64073,6517,0 days 00:24:36.000000000
70330,1357,0 days 00:04:37.000000000
73771,4799,0 days 00:22:49.000000000
37,543,0 days 00:01:54.000000000
54,834,0 days 00:04:23.000000000
64,2035,0 days 00:08:39.000000000
75,1631,0 days 00:07:01.000000000
161,0,0 days 00:00:00.000000000
165,1280,0 days 00:06:00.000000000
176,976,0 days 00:04:01.000000000
191,6711,0 days 00:20:53.000000000
238,1041,0 days 00:05:02.000000000
262,7183,0 days 00:31:39.000000000
269,2822,0 days 00:12:55.000000000
641,1478,0 days 00:08:50.000000000
695,6179,0 days 00:19:23.000000000
724,4661,0 days 00:19:10.000000000
880,4046,0 days 00:15:29.000000000
1239,821,0 days 00:03:02.000000000
1303,1644,0 days 00:07:32.000000000
1574,5752,0 days 00:18:28.000000000
1832,689,0 days 00:03:16.000000000
2272,2059,0 days 00:09:14.000000000
2337,3068,0 days 00:11:37.000000000
2472,918,0 days 00:04:28.000000000
2898,2445,0 days 00:09:40.000000000
3210,383,0 days 00:01:02.000000000
3300,5483,0 days 00:24:54.000000000
4104,5220,0 days 00:21:09.000000000
4751,10904,0 days 00:39:18.000000000
6694,975,0 days 00:05:10.000000000
7420,6118,0 days 00:19:30.000000000
9025,5595,0 days 00:28:45.000000000
9340,7898,0 days 00:34:18.000000000
9966,5703,0 days 00:26:35.000000000
12454,10328,0 days 00:37:40.000000000
13089,7668,0 days 00:32:19.000000000
14402,5656,0 days 00:24:31.000000000
17565,5219,0 days 00:22:34.000000000
18284,7865,0 days 00:34:05.000000000
19505,2623,0 days 00:16:05.000000000
20010,8664,0 days 00:31:47.000000000
20617,10987,0 days 00:40:01.000000000
22578,6879,0 days 00:30:37.000000000
24514,5378,0 days 00:25:29.000000000
24978,6230,0 days 00:27:11.000000000
26803,8811,0 days 00:32:38.000000000
29611,12200,0 days 00:44:06.000000000
36422,6239,0 days 00:28:09.000000000
39360,5672,0 days 00:24:28.000000000
43726,8936,0 days 00:32:14.000000000
46767,3581,0 days 00:14:13.000000000
48716,6147,0 days 00:26:38.000000000
39,3719,0 days 00:18:38.000000000
132,1674,0 days 00:08:03.000000000
154,1054,0 days 00:04:30.000000000
318,8532,0 days 00:25:59.000000000
353,2143,0 days 00:09:08.000000000
778,2638,0 days 00:12:28.000000000
1395,2302,0 days 00:09:57.000000000
1606,0,0 days 00:00:00.000000000
1607,8001,0 days 00:24:29.000000000
1894,1935,0 days 00:08:13.000000000
2056,2677,0 days 00:11:13.000000000
2819,2039,0 days 00:08:42.000000000
2959,704,0 days 00:02:52.000000000
3059,2020,0 days 00:08:30.000000000
3071,7184,0 days 00:31:35.000000000
3564,2213,0 days 00:09:46.000000000
3586,3235,0 days 00:13:12.000000000
3916,2990,0 days 00:10:31.000000000
4014,7172,0 days 00:25:31.000000000
4512,4286,0 days 00:17:18.000000000
4895,2289,0 days 00:09:49.000000000
5453,2061,0 days 00:07:31.000000000
5582,6032,0 days 00:28:10.000000000
6103,534,0 days 00:02:25.000000000
6619,5684,0 days 00:24:22.000000000
7202,2218,0 days 00:07:33.000000000
7236,1644,0 days 00:07:47.000000000
8052,4894,0 days 00:22:40.000000000
8119,6805,0 days 00:24:30.000000000
9419,3134,0 days 00:13:48.000000000
11716,6726,0 days 00:30:30.000000000
12812,5596,0 days 00:28:54.000000000
14336,5667,0 days 00:28:30.000000000
18733,4841,0 days 00:25:03.000000000
21819,5199,0 days 00:23:42.000000000
21824,5914,0 days 00:26:21.000000000
22094,6272,0 days 00:28:36.000000000
23291,3393,0 days 00:17:32.000000000
30753,4255,0 days 00:20:12.000000000
31659,2316,0 days 00:12:37.000000000
31703,5985,0 days 00:28:01.000000000
32619,6536,0 days 00:30:55.000000000
37174,5760,0 days 00:26:03.000000000
49604,3462,0 days 00:19:52.000000000
56061,6710,0 days 00:30:32.000000000
57556,7637,0 days 00:34:31.000000000
67964,6388,0 days 00:29:39.000000000
68658,6882,0 days 00:31:21.000000000
49,1105,0 days 00:04:33.000000000
89,1041,0 days 00:04:49.000000000
116,0,0 days 00:00:00.000000000
193,1991,0 days 00:08:34.000000000
227,1640,0 days 00:08:34.000000000
241,6023,0 days 00:30:52.000000000
326,4289,0 days 00:17:04.000000000
536,1145,0 days 00:05:35.000000000
638,1514,0 days 00:05:34.000000000
674,1215,0 days 00:05:52.000000000
1027,3115,0 days 00:11:23.000000000
1118,349,0 days 00:01:55.000000000
1195,1156,0 days 00:05:12.000000000
1206,3730,0 days 00:15:05.000000000
1216,937,0 days 00:04:40.000000000
1583,3288,0 days 00:13:24.000000000
1789,1319,0 days 00:08:43.000000000
2406,1119,0 days 00:04:33.000000000
3600,5948,0 days 00:26:31.000000000
3637,5722,0 days 00:26:44.000000000
3761,5308,0 days 00:24:03.000000000
3994,6737,0 days 00:28:14.000000000
4307,1291,0 days 00:06:16.000000000
4410,646,0 days 00:03:54.000000000
4599,6967,0 days 00:30:13.000000000
4859,1929,0 days 00:08:10.000000000
4915,4772,0 days 00:22:30.000000000
5235,2823,0 days 00:12:31.000000000
5292,4447,0 days 00:21:23.000000000
5859,7547,0 days 00:22:54.000000000
6282,6357,0 days 00:21:20.000000000
6317,809,0 days 00:04:27.000000000
7119,7016,0 days 00:21:23.000000000
7215,8690,0 days 00:38:23.000000000
7325,5912,0 days 00:26:19.000000000
8946,7085,0 days 00:32:01.000000000
9693,5241,0 days 00:28:29.000000000
9694,5896,0 days 00:26:22.000000000
13676,5991,0 days 00:20:19.000000000
16196,7442,0 days 00:33:31.000000000
18178,7038,0 days 00:31:53.000000000
24104,5458,0 days 00:24:25.000000000
27032,6252,0 days 00:27:34.000000000
31493,5341,0 days 00:28:50.000000000
39142,6934,0 days 00:30:00.000000000
46650,4418,0 days 00:16:14.000000000
57484,8903,0 days 00:33:37.000000000
64183,9175,0 days 00:34:04.000000000
75969,2464,0 days 00:15:58.000000000
55,7213,0 days 00:26:39.000000000
99,640,0 days 00:03:22.000000000
221,1770,0 days 00:07:46.000000000
305,1036,0 days 00:03:45.000000000
483,0,0 days 00:00:00.000000000
534,2319,0 days 00:09:40.000000000
615,2586,0 days 00:10:40.000000000
826,2084,0 days 00:08:36.000000000
918,1090,0 days 00:05:22.000000000
983,1988,0 days 00:08:41.000000000
1210,1382,0 days 00:06:08.000000000
1237,8088,0 days 00:26:27.000000000
1613,5255,0 days 00:24:15.000000000
1648,2835,0 days 00:12:17.000000000
1718,1203,0 days 00:05:22.000000000
1768,2742,0 days 00:11:52.000000000
1975,599,0 days 00:02:30.000000000
2084,1720,0 days 00:06:46.000000000
2302,1536,0 days 00:06:14.000000000
2775,1379,0 days 00:07:10.000000000
2803,4674,0 days 00:16:37.000000000
3022,4764,0 days 00:16:03.000000000
3935,6507,0 days 00:21:32.000000000
5222,3704,0 days 00:14:30.000000000
5279,1494,0 days 00:07:00.000000000
8560,6950,0 days 00:25:24.000000000
8620,5965,0 days 00:21:12.000000000
8700,9224,0 days 00:29:40.000000000
9577,2713,0 days 00:09:59.000000000
9831,3761,0 days 00:15:18.000000000
11780,6846,0 days 00:24:55.000000000
12093,2942,0 days 00:12:11.000000000
12263,2410,0 days 00:09:21.000000000
14547,1137,0 days 00:05:30.000000000
16390,3849,0 days 00:15:04.000000000
16964,6931,0 days 00:25:11.000000000
21234,7054,0 days 00:25:50.000000000
26361,6555,0 days 00:24:29.000000000
29377,6586,0 days 00:24:44.000000000
34770,7076,0 days 00:25:08.000000000
48715,5616,0 days 00:19:34.000000000
56630,7848,0 days 00:28:07.000000000
67215,3684,0 days 00:15:29.000000000
67545,8689,0 days 00:29:04.000000000
69912,7200,0 days 00:26:30.000000000
74745,2747,0 days 00:09:55.000000000
70,517,0 days 00:02:37.000000000
133,1268,0 days 00:04:33.000000000
150,2239,0 days 00:08:00.000000000
153,1491,0 days 00:06:32.000000000
181,2749,0 days 00:09:46.000000000
184,0,0 days 00:00:00.000000000
225,4575,0 days 00:16:04.000000000
252,1581,0 days 00:06:00.000000000
337,2992,0 days 00:11:47.000000000
347,3279,0 days 00:13:37.000000000
349,4099,0 days 00:13:43.000000000
518,767,0 days 00:02:57.000000000
532,2319,0 days 00:09:00.000000000
576,4735,0 days 00:17:20.000000000
738,7404,0 days 00:28:00.000000000
780,3918,0 days 00:15:12.000000000
802,912,0 days 00:03:10.000000000
1256,2224,0 days 00:09:33.000000000
1538,2711,0 days 00:11:14.000000000
1681,1437,0 days 00:05:26.000000000
2630,3862,0 days 00:14:25.000000000
2719,3314,0 days 00:13:11.000000000
3281,4869,0 days 00:19:20.000000000
3975,3799,0 days 00:15:43.000000000
4405,3361,0 days 00:11:59.000000000
5077,2702,0 days 00:09:37.000000000
5274,4231,0 days 00:18:36.000000000
5565,6797,0 days 00:23:02.000000000
6114,6781,0 days 00:22:53.000000000
6975,4622,0 days 00:15:25.000000000
7017,3600,0 days 00:12:57.000000000
7605,5106,0 days 00:19:50.000000000
8555,1120,0 days 00:04:42.000000000
8597,5708,0 days 00:19:10.000000000
8748,3330,0 days 00:10:19.000000000
9704,3324,0 days 00:11:49.000000000
11224,5416,0 days 00:19:27.000000000
12089,4222,0 days 00:15:50.000000000
12303,3802,0 days 00:11:38.000000000
13230,5556,0 days 00:20:17.000000000
13948,3428,0 days 00:12:45.000000000
14244,3278,0 days 00:11:16.000000000
21060,3681,0 days 00:14:13.000000000
26792,4224,0 days 00:14:03.000000000
30185,4699,0 days 00:15:09.000000000
42180,6320,0 days 00:23:02.000000000
57051,6641,0 days 00:24:19.000000000
73162,4893,0 days 00:17:04.000000000
73824,4393,0 days 00:16:22.000000000
71,380,0 days 00:01:04.000000000
339,0,0 days 00:00:00.000000000
377,1092,0 days 00:03:37.000000000
379,3658,0 days 00:12:24.000000000
439,4757,0 days 00:18:28.000000000
492,2666,0 days 00:10:49.000000000
1264,5399,0 days 00:19:46.000000000
2249,1446,0 days 00:05:35.000000000
2843,6232,0 days 00:19:16.000000000
3932,4989,0 days 00:18:43.000000000
4121,5965,0 days 00:22:33.000000000
4348,455,0 days 00:01:51.000000000
5017,3440,0 days 00:12:43.000000000
5269,2216,0 days 00:12:51.000000000
5883,5142,0 days 00:15:24.000000000
7121,7233,0 days 00:23:44.000000000
7698,2669,0 days 00:14:45.000000000
8132,2532,0 days 00:11:24.000000000
9384,4234,0 days 00:16:04.000000000
10158,6215,0 days 00:19:07.000000000
11088,4077,0 days 00:16:20.000000000
13069,5742,0 days 00:17:46.000000000
13284,5561,0 days 00:18:07.000000000
13314,5982,0 days 00:23:19.000000000
14490,3009,0 days 00:13:25.000000000
16479,7615,0 days 00:29:15.000000000
18188,8174,0 days 00:31:13.000000000
19241,4898,0 days 00:19:17.000000000
30388,2480,0 days 00:15:10.000000000
31293,8244,0 days 00:28:28.000000000
31353,3253,0 days 00:16:04.000000000
34376,7002,0 days 00:26:28.000000000
34750,7900,0 days 00:29:48.000000000
52095,7000,0 days 00:25:33.000000000
53999,6863,0 days 00:27:52.000000000
55920,6873,0 days 00:26:51.000000000
57346,7728,0 days 00:29:35.000000000
57839,7577,0 days 00:28:07.000000000
59030,7351,0 days 00:29:33.000000000
70740,5610,0 days 00:21:02.000000000
73,349,0 days 00:01:38.000000000
229,0,0 days 00:00:00.000000000
261,1230,0 days 00:05:21.000000000
375,2284,0 days 00:09:15.000000000
630,1193,0 days 00:03:50.000000000
635,2222,0 days 00:08:51.000000000
662,1315,0 days 00:05:37.000000000
1048,755,0 days 00:02:39.000000000
1123,1439,0 days 00:06:16.000000000
1219,939,0 days 00:04:55.000000000
2092,3381,0 days 00:13:11.000000000
2903,970,0 days 00:05:11.000000000
2957,1509,0 days 00:06:53.000000000
3303,1585,0 days 00:06:56.000000000
3473,4098,0 days 00:19:29.000000000
4889,7879,0 days 00:24:03.000000000
5828,1934,0 days 00:09:35.000000000
8386,1450,0 days 00:05:52.000000000
8548,1335,0 days 00:05:50.000000000
10260,3939,0 days 00:15:09.000000000
11302,4423,0 days 00:20:36.000000000
11494,2766,0 days 00:09:29.000000000
11720,3582,0 days 00:14:25.000000000
16604,6101,0 days 00:21:37.000000000
17036,1612,0 days 00:09:45.000000000
17185,7348,0 days 00:22:33.000000000
20126,4959,0 days 00:22:09.000000000
21117,6467,0 days 00:22:39.000000000
22392,6689,0 days 00:29:59.000000000
30655,6388,0 days 00:26:19.000000000
34974,9285,0 days 00:35:23.000000000
35390,5535,0 days 00:29:30.000000000
36216,5903,0 days 00:25:40.000000000
42277,6006,0 days 00:27:40.000000000
44606,7092,0 days 00:31:36.000000000
46924,6022,0 days 00:27:37.000000000
48769,6316,0 days 00:31:53.000000000
50128,3117,0 days 00:13:12.000000000
50894,5545,0 days 00:27:01.000000000
56917,6618,0 days 00:28:19.000000000
61593,5568,0 days 00:25:43.000000000
74412,2817,0 days 00:10:07.000000000
82,4507,0 days 00:20:52.000000000
194,3836,0 days 00:12:41.000000000
233,0,0 days 00:00:00.000000000
367,1128,0 days 00:04:28.000000000
440,4776,0 days 00:14:27.000000000
623,4367,0 days 00:14:11.000000000
1015,2527,0 days 00:10:43.000000000
1107,5142,0 days 00:15:29.000000000
1275,2525,0 days 00:10:07.000000000
1642,464,0 days 00:02:33.000000000
1874,2117,0 days 00:09:40.000000000
2790,5301,0 days 00:22:10.000000000
3087,1721,0 days 00:07:53.000000000
3351,5254,0 days 00:23:10.000000000
3587,1111,0 days 00:04:19.000000000
3601,9928,0 days 00:35:17.000000000
4431,4127,0 days 00:16:30.000000000
4933,458,0 days 00:03:19.000000000
5005,7836,0 days 00:28:37.000000000
5126,2247,0 days 00:10:10.000000000
5166,9352,0 days 00:33:38.000000000
5381,538,0 days 00:03:30.000000000
5856,2946,0 days 00:12:44.000000000
5931,4243,0 days 00:18:33.000000000
6931,1862,0 days 00:08:40.000000000
6991,4696,0 days 00:20:27.000000000
7458,639,0 days 00:02:47.000000000
8772,9224,0 days 00:34:01.000000000
9250,1388,0 days 00:06:31.000000000
9578,3258,0 days 00:14:54.000000000
10690,1362,0 days 00:07:01.000000000
13292,5785,0 days 00:27:37.000000000
13865,5171,0 days 00:22:37.000000000
14912,11225,0 days 00:40:05.000000000
15466,7688,0 days 00:27:45.000000000
21098,9399,0 days 00:33:47.000000000
21562,1105,0 days 00:05:26.000000000
23527,10011,0 days 00:35:59.000000000
25301,4743,0 days 00:20:12.000000000
40627,7960,0 days 00:28:13.000000000
41605,4680,0 days 00:20:30.000000000
55436,5215,0 days 00:27:48.000000000
60025,10512,0 days 00:38:26.000000000
66189,5459,0 days 00:26:30.000000000
84,0,0 days 00:00:00.000000000
109,1628,0 days 00:05:47.000000000
121,2679,0 days 00:10:13.000000000
308,1766,0 days 00:06:58.000000000
400,2668,0 days 00:10:27.000000000
448,4054,0 days 00:15:17.000000000
922,1694,0 days 00:08:14.000000000
1181,1302,0 days 00:05:47.000000000
1198,1034,0 days 00:04:26.000000000
1271,5729,0 days 00:21:28.000000000
1643,3185,0 days 00:13:04.000000000
2107,934,0 days 00:05:19.000000000
2242,2072,0 days 00:08:12.000000000
2378,467,0 days 00:02:20.000000000
2514,3767,0 days 00:14:51.000000000
2629,2257,0 days 00:10:14.000000000
3024,3034,0 days 00:11:44.000000000
3558,6966,0 days 00:22:07.000000000
4187,7019,0 days 00:26:03.000000000
4775,4069,0 days 00:16:23.000000000
5954,5819,0 days 00:20:55.000000000
6419,6600,0 days 00:21:06.000000000
6518,1751,0 days 00:09:44.000000000
6685,755,0 days 00:03:11.000000000
6894,1054,0 days 00:04:52.000000000
7602,1535,0 days 00:06:53.000000000
8596,3801,0 days 00:14:46.000000000
9812,2825,0 days 00:12:37.000000000
9979,3464,0 days 00:14:13.000000000
12199,9752,0 days 00:31:38.000000000
12299,10406,0 days 00:33:05.000000000
13753,9736,0 days 00:31:56.000000000
14671,4198,0 days 00:15:51.000000000
16483,6610,0 days 00:27:15.000000000
16652,8130,0 days 00:30:00.000000000
17834,6670,0 days 00:24:25.000000000
18742,9316,0 days 00:29:13.000000000
19812,6378,0 days 00:27:14.000000000
20297,1371,0 days 00:06:16.000000000
23732,10389,0 days 00:32:56.000000000
23797,8267,0 days 00:31:30.000000000
32859,3854,0 days 00:14:51.000000000
34144,8181,0 days 00:26:00.000000000
36720,8902,0 days 00:32:58.000000000
42281,8255,0 days 00:31:22.000000000
88,578,0 days 00:01:49.000000000
144,1152,0 days 00:05:40.000000000
279,0,0 days 00:00:00.000000000
280,567,0 days 00:02:06.000000000
329,4508,0 days 00:18:04.000000000
402,1248,0 days 00:04:52.000000000
482,2697,0 days 00:11:55.000000000
784,2068,0 days 00:07:29.000000000
1060,7459,0 days 00:27:45.000000000
1989,619,0 days 00:02:39.000000000
2679,3903,0 days 00:15:54.000000000
3265,3118,0 days 00:11:55.000000000
4173,3624,0 days 00:14:45.000000000
4330,10191,0 days 00:33:19.000000000
6098,835,0 days 00:03:27.000000000
6491,3108,0 days 00:12:08.000000000
7846,10845,0 days 00:34:47.000000000
8189,7039,0 days 00:22:47.000000000
8441,3474,0 days 00:13:26.000000000
9650,10175,0 days 00:33:37.000000000
9744,1494,0 days 00:06:33.000000000
12015,6258,0 days 00:22:36.000000000
12223,1068,0 days 00:04:33.000000000
13102,6168,0 days 00:23:10.000000000
14121,9756,0 days 00:30:55.000000000
15501,4241,0 days 00:16:28.000000000
16369,4293,0 days 00:16:32.000000000
16396,2134,0 days 00:09:55.000000000
17619,7049,0 days 00:28:56.000000000
18222,4638,0 days 00:17:32.000000000
18896,3264,0 days 00:14:19.000000000
19674,9342,0 days 00:34:40.000000000
21127,1211,0 days 00:05:09.000000000
21813,8620,0 days 00:27:41.000000000
21972,4493,0 days 00:16:58.000000000
23461,4207,0 days 00:16:32.000000000
24116,7886,0 days 00:25:44.000000000
26503,7109,0 days 00:26:07.000000000
28074,10829,0 days 00:34:38.000000000
31449,2511,0 days 00:09:54.000000000
42225,10356,0 days 00:33:16.000000000
44538,8694,0 days 00:33:03.000000000
54706,9539,0 days 00:37:03.000000000
57818,7406,0 days 00:23:49.000000000
58911,8569,0 days 00:31:41.000000000
60883,1969,0 days 00:10:05.000000000
90,1132,0 days 00:05:42.000000000
92,1664,0 days 00:05:53.000000000
135,2120,0 days 00:09:10.000000000
139,1954,0 days 00:08:02.000000000
200,2687,0 days 00:11:33.000000000
794,2240,0 days 00:07:32.000000000
895,1536,0 days 00:06:15.000000000
1070,1268,0 days 00:05:35.000000000
1110,443,0 days 00:02:25.000000000
1147,1784,0 days 00:08:12.000000000
1293,2798,0 days 00:10:59.000000000
1569,0,0 days 00:00:00.000000000
2238,2390,0 days 00:09:00.000000000
2467,3537,0 days 00:12:20.000000000
3164,6882,0 days 00:24:59.000000000
3180,1711,0 days 00:06:01.000000000
3224,1488,0 days 00:07:13.000000000
3534,2562,0 days 00:09:13.000000000
6109,3630,0 days 00:13:46.000000000
6434,2323,0 days 00:08:14.000000000
8212,2824,0 days 00:10:41.000000000
8283,7688,0 days 00:23:26.000000000
8600,4972,0 days 00:15:18.000000000
9507,8761,0 days 00:27:09.000000000
10068,2633,0 days 00:11:23.000000000
10672,1632,0 days 00:07:29.000000000
12545,2308,0 days 00:10:19.000000000
12642,9357,0 days 00:31:37.000000000
16726,5338,0 days 00:16:20.000000000
17218,2654,0 days 00:10:25.000000000
17400,3220,0 days 00:16:53.000000000
18482,8288,0 days 00:25:47.000000000
20167,5819,0 days 00:18:15.000000000
26507,4980,0 days 00:22:35.000000000
27778,4761,0 days 00:18:57.000000000
27921,2743,0 days 00:12:45.000000000
28346,4749,0 days 00:22:35.000000000
28426,6533,0 days 00:23:21.000000000
31226,9897,0 days 00:33:00.000000000
39197,3327,0 days 00:13:08.000000000
39932,5591,0 days 00:20:24.000000000
41870,3664,0 days 00:13:42.000000000
91,5314,0 days 00:19:59.000000000
198,1160,0 days 00:05:22.000000000
224,1420,0 days 00:06:23.000000000
306,3442,0 days 00:13:32.000000000
459,501,0 days 00:01:24.000000000
605,2458,0 days 00:09:32.000000000
1251,2824,0 days 00:10:34.000000000
1599,1216,0 days 00:04:38.000000000
1685,976,0 days 00:03:41.000000000
1866,5603,0 days 00:22:03.000000000
3445,2629,0 days 00:09:05.000000000
4278,5924,0 days 00:19:14.000000000
4735,3305,0 days 00:12:56.000000000
5462,0,0 days 00:00:00.000000000
6276,3102,0 days 00:10:23.000000000
6472,1700,0 days 00:07:23.000000000
6641,2624,0 days 00:10:34.000000000
7212,1778,0 days 00:07:40.000000000
7524,4851,0 days 00:15:31.000000000
7569,7763,0 days 00:27:53.000000000
7667,3732,0 days 00:15:42.000000000
7945,1569,0 days 00:06:23.000000000
8937,6538,0 days 00:23:02.000000000
11908,3797,0 days 00:13:22.000000000
12347,5287,0 days 00:17:55.000000000
12429,5271,0 days 00:18:13.000000000
13365,900,0 days 00:03:29.000000000
13366,3700,0 days 00:15:13.000000000
14914,3489,0 days 00:13:41.000000000
16905,5941,0 days 00:19:23.000000000
17685,3398,0 days 00:12:29.000000000
17775,5451,0 days 00:17:52.000000000
18125,4602,0 days 00:18:20.000000000
20091,4035,0 days 00:16:05.000000000
21093,4101,0 days 00:15:53.000000000
21564,4855,0 days 00:19:03.000000000
26176,4340,0 days 00:16:52.000000000
26520,7060,0 days 00:25:04.000000000
37462,5180,0 days 00:21:56.000000000
43009,3605,0 days 00:15:46.000000000
52410,5357,0 days 00:19:31.000000000
58688,4660,0 days 00:19:49.000000000
64277,4093,0 days 00:17:26.000000000
65107,5299,0 days 00:21:25.000000000
74854,4192,0 days 00:15:50.000000000
75382,4168,0 days 00:16:40.000000000
93,3019,0 days 00:11:08.000000000
110,0,0 days 00:00:00.000000000
162,2630,0 days 00:11:07.000000000
217,2231,0 days 00:08:46.000000000
775,3445,0 days 00:13:16.000000000
792,2019,0 days 00:07:05.000000000
1032,7380,0 days 00:27:17.000000000
1131,1204,0 days 00:04:19.000000000
1277,2525,0 days 00:09:56.000000000
1327,4769,0 days 00:17:47.000000000
1366,7256,0 days 00:27:41.000000000
1419,1965,0 days 00:08:52.000000000
1710,673,0 days 00:02:49.000000000
2191,6301,0 days 00:23:58.000000000
2783,1727,0 days 00:06:17.000000000
2835,4327,0 days 00:16:44.000000000
2968,6953,0 days 00:27:16.000000000
3514,3734,0 days 00:15:19.000000000
3888,3279,0 days 00:13:15.000000000
4081,3788,0 days 00:15:53.000000000
4929,3003,0 days 00:10:59.000000000
5059,2529,0 days 00:09:31.000000000
5631,6338,0 days 00:23:34.000000000
5724,4819,0 days 00:19:23.000000000
6261,3594,0 days 00:14:31.000000000
6305,7512,0 days 00:29:15.000000000
6498,5291,0 days 00:19:14.000000000
6982,4440,0 days 00:20:59.000000000
14206,4289,0 days 00:17:40.000000000
14444,8644,0 days 00:33:05.000000000
15888,3311,0 days 00:13:52.000000000
17577,4127,0 days 00:15:39.000000000
29855,3986,0 days 00:19:05.000000000
30873,7108,0 days 00:26:49.000000000
32003,8772,0 days 00:32:42.000000000
32289,4032,0 days 00:18:32.000000000
33057,9121,0 days 00:35:47.000000000
36934,4250,0 days 00:21:24.000000000
42440,8634,0 days 00:34:07.000000000
56748,3572,0 days 00:14:06.000000000
63918,8819,0 days 00:32:51.000000000
69423,10645,0 days 00:39:09.000000000
71471,7670,0 days 00:33:35.000000000
97,715,0 days 00:02:39.000000000
212,7256,0 days 00:24:56.000000000
373,2559,0 days 00:08:10.000000000
464,817,0 days 00:02:26.000000000
480,904,0 days 00:03:10.000000000
486,1211,0 days 00:04:24.000000000
815,1454,0 days 00:06:15.000000000
1247,1698,0 days 00:07:35.000000000
1605,1828,0 days 00:05:55.000000000
1834,1827,0 days 00:06:58.000000000
1835,3699,0 days 00:14:52.000000000
2116,0,0 days 00:00:00.000000000
2154,2783,0 days 00:08:39.000000000
2351,3432,0 days 00:13:53.000000000
2764,1256,0 days 00:05:15.000000000
2772,1677,0 days 00:06:10.000000000
3215,7402,0 days 00:25:36.000000000
3239,3948,0 days 00:16:30.000000000
3835,8050,0 days 00:27:12.000000000
3920,3197,0 days 00:12:48.000000000
5313,1783,0 days 00:06:26.000000000
5791,4876,0 days 00:15:42.000000000
6611,2649,0 days 00:10:26.000000000
7293,7751,0 days 00:28:15.000000000
9768,7152,0 days 00:24:30.000000000
11900,7986,0 days 00:26:46.000000000
13583,4055,0 days 00:16:23.000000000
14154,7048,0 days 00:24:01.000000000
14460,6167,0 days 00:20:17.000000000
26033,1720,0 days 00:07:22.000000000
26129,2988,0 days 00:12:11.000000000
28966,7277,0 days 00:24:14.000000000
31139,3138,0 days 00:10:12.000000000
32662,6787,0 days 00:23:50.000000000
36798,5817,0 days 00:18:40.000000000
38261,4817,0 days 00:18:43.000000000
38873,7620,0 days 00:25:45.000000000
49598,7132,0 days 00:24:17.000000000
51219,5200,0 days 00:16:38.000000000
53470,9802,0 days 00:33:16.000000000
55676,4962,0 days 00:19:17.000000000
73163,7414,0 days 00:25:44.000000000
74470,3086,0 days 00:09:37.000000000
98,4118,0 days 00:16:07.000000000
288,900,0 days 00:02:57.000000000
636,0,0 days 00:00:00.000000000
860,1103,0 days 00:03:46.000000000
932,464,0 days 00:01:16.000000000
996,10250,0 days 00:32:17.000000000
1170,835,0 days 00:02:41.000000000
2115,9115,0 days 00:29:04.000000000
2488,3710,0 days 00:15:20.000000000
3137,2562,0 days 00:08:51.000000000
4569,1004,0 days 00:04:16.000000000
4766,3602,0 days 00:13:30.000000000
6456,1453,0 days 00:05:20.000000000
6474,7043,0 days 00:28:49.000000000
7052,2628,0 days 00:11:16.000000000
8264,7534,0 days 00:24:10.000000000
8466,6662,0 days 00:24:30.000000000
9388,10669,0 days 00:35:00.000000000
9662,11323,0 days 00:36:00.000000000
10496,1602,0 days 00:06:22.000000000
12872,764,0 days 00:04:15.000000000
13498,1988,0 days 00:07:53.000000000
16590,3613,0 days 00:13:17.000000000
17571,2209,0 days 00:10:41.000000000
18876,6753,0 days 00:23:57.000000000
20922,3191,0 days 00:13:16.000000000
21574,9189,0 days 00:34:24.000000000
23047,3005,0 days 00:11:16.000000000
23896,3968,0 days 00:14:48.000000000
30029,11340,0 days 00:36:09.000000000
43262,9201,0 days 00:34:32.000000000
51045,4398,0 days 00:17:15.000000000
55568,4701,0 days 00:17:52.000000000
56465,9064,0 days 00:33:02.000000000
61034,7953,0 days 00:29:05.000000000
100,7247,0 days 00:26:43.000000000
143,526,0 days 00:02:29.000000000
328,2811,0 days 00:12:07.000000000
521,1210,0 days 00:05:30.000000000
526,599,0 days 00:02:41.000000000
645,4394,0 days 00:18:36.000000000
750,1055,0 days 00:04:24.000000000
1013,3005,0 days 00:12:27.000000000
1279,3360,0 days 00:13:58.000000000
1302,0,0 days 00:00:00.000000000
1979,7277,0 days 00:26:58.000000000
2015,2318,0 days 00:09:04.000000000
2024,3328,0 days 00:14:44.000000000
2120,2654,0 days 00:10:25.000000000
2123,4341,0 days 00:17:31.000000000
2521,3297,0 days 00:11:42.000000000
2548,8737,0 days 00:32:44.000000000
3241,881,0 days 00:05:09.000000000
3459,1190,0 days 00:05:09.000000000
3734,4180,0 days 00:17:04.000000000
3787,817,0 days 00:04:25.000000000
3911,5478,0 days 00:25:13.000000000
4597,1250,0 days 00:05:46.000000000
4849,1954,0 days 00:08:01.000000000
7624,1573,0 days 00:07:27.000000000
7910,5690,0 days 00:19:47.000000000
8565,5366,0 days 00:18:51.000000000
8712,8540,0 days 00:30:21.000000000
10167,2397,0 days 00:10:26.000000000
10794,1753,0 days 00:07:10.000000000
11607,637,0 days 00:03:49.000000000
13153,3049,0 days 00:11:18.000000000
20709,3273,0 days 00:11:47.000000000
20926,7642,0 days 00:27:38.000000000
24171,7746,0 days 00:28:04.000000000
26985,7538,0 days 00:27:09.000000000
29210,6925,0 days 00:23:19.000000000
29714,6657,0 days 00:23:26.000000000
35746,5747,0 days 00:26:42.000000000
42316,7767,0 days 00:27:22.000000000
43282,7773,0 days 00:26:16.000000000
49953,4197,0 days 00:16:57.000000000
59151,7292,0 days 00:24:21.000000000
74500,7904,0 days 00:28:53.000000000
105,1132,0 days 00:05:38.000000000
513,1665,0 days 00:06:30.000000000
525,353,0 days 00:01:31.000000000
537,1172,0 days 00:04:37.000000000
643,2586,0 days 00:10:43.000000000
1134,3005,0 days 00:12:29.000000000
1420,6046,0 days 00:24:20.000000000
1528,0,0 days 00:00:00.000000000
1719,3290,0 days 00:11:59.000000000
1804,4470,0 days 00:17:35.000000000
1876,3286,0 days 00:14:34.000000000
3302,1023,0 days 00:05:16.000000000
3474,1130,0 days 00:05:22.000000000
3588,1120,0 days 00:05:42.000000000
4845,5792,0 days 00:19:40.000000000
5032,3854,0 days 00:16:57.000000000
6079,1387,0 days 00:06:09.000000000
6253,5254,0 days 00:20:52.000000000
6766,4831,0 days 00:19:06.000000000
6939,3399,0 days 00:13:41.000000000
7272,6758,0 days 00:25:48.000000000
7393,6865,0 days 00:23:23.000000000
7747,2715,0 days 00:10:20.000000000
8545,3849,0 days 00:13:51.000000000
8563,1521,0 days 00:05:56.000000000
8808,3441,0 days 00:13:27.000000000
8828,2762,0 days 00:10:28.000000000
9747,3875,0 days 00:15:08.000000000
9921,5581,0 days 00:21:12.000000000
9992,4493,0 days 00:18:33.000000000
10268,6882,0 days 00:23:32.000000000
10600,3374,0 days 00:12:41.000000000
11376,6392,0 days 00:22:01.000000000
14183,3613,0 days 00:13:40.000000000
15489,4617,0 days 00:17:15.000000000
15963,7479,0 days 00:27:11.000000000
17135,2799,0 days 00:12:53.000000000
19786,4797,0 days 00:19:10.000000000
23951,3765,0 days 00:14:43.000000000
29473,7461,0 days 00:27:51.000000000
30575,6227,0 days 00:22:05.000000000
31779,8704,0 days 00:32:03.000000000
34206,6211,0 days 00:22:22.000000000
54342,3912,0 days 00:18:53.000000000
111,578,0 days 00:02:27.000000000
128,0,0 days 00:00:00.000000000
214,1137,0 days 00:05:34.000000000
346,2751,0 days 00:11:11.000000000
770,6692,0 days 00:27:59.000000000
987,900,0 days 00:04:15.000000000
1272,1162,0 days 00:05:36.000000000
1330,638,0 days 00:03:40.000000000
1368,3268,0 days 00:13:48.000000000
1635,7530,0 days 00:24:47.000000000
1841,1711,0 days 00:06:32.000000000
1960,3117,0 days 00:12:29.000000000
2021,661,0 days 00:03:09.000000000
2150,5902,0 days 00:21:37.000000000
2258,2908,0 days 00:13:20.000000000
3633,3937,0 days 00:15:35.000000000
3927,1875,0 days 00:07:15.000000000
3944,3547,0 days 00:14:55.000000000
4844,1777,0 days 00:08:56.000000000
5116,2155,0 days 00:08:57.000000000
7383,1158,0 days 00:05:17.000000000
8697,722,0 days 00:04:20.000000000
8698,8985,0 days 00:33:41.000000000
8722,10489,0 days 00:33:50.000000000
10973,4151,0 days 00:17:07.000000000
11458,2762,0 days 00:10:58.000000000
11852,6683,0 days 00:21:50.000000000
12786,10472,0 days 00:33:41.000000000
15005,4137,0 days 00:16:01.000000000
15209,9183,0 days 00:36:04.000000000
15580,4281,0 days 00:16:35.000000000
25609,7049,0 days 00:22:52.000000000
33174,8338,0 days 00:32:04.000000000
33320,3850,0 days 00:15:33.000000000
35372,8865,0 days 00:29:21.000000000
36751,7102,0 days 00:26:46.000000000
37557,8350,0 days 00:32:13.000000000
43516,9399,0 days 00:29:58.000000000
43818,5812,0 days 00:22:11.000000000
56483,6753,0 days 00:25:08.000000000
59064,8213,0 days 00:30:42.000000000
65428,8264,0 days 00:26:45.000000000
127,2096,0 days 00:07:25.000000000
240,1931,0 days 00:07:19.000000000
399,0,0 days 00:00:00.000000000
406,2333,0 days 00:09:51.000000000
604,2748,0 days 00:11:28.000000000
671,6554,0 days 00:23:26.000000000
1002,2320,0 days 00:09:11.000000000
1307,1339,0 days 00:04:58.000000000
1383,2279,0 days 00:08:51.000000000
1695,2066,0 days 00:08:07.000000000
1990,3579,0 days 00:15:35.000000000
2300,1053,0 days 00:05:11.000000000
2916,3454,0 days 00:12:29.000000000
3455,2316,0 days 00:08:57.000000000
4421,8002,0 days 00:26:21.000000000
4876,9264,0 days 00:38:10.000000000
4936,9418,0 days 00:30:31.000000000
5467,2980,0 days 00:11:50.000000000
5946,2289,0 days 00:08:50.000000000
6534,7471,0 days 00:24:51.000000000
6798,2585,0 days 00:10:55.000000000
7104,7964,0 days 00:33:05.000000000
7709,6788,0 days 00:29:03.000000000
7932,3154,0 days 00:12:53.000000000
8333,9052,0 days 00:29:29.000000000
8378,5746,0 days 00:21:38.000000000
8924,6305,0 days 00:23:37.000000000
11208,7180,0 days 00:35:30.000000000
12318,7962,0 days 00:37:53.000000000
16706,3258,0 days 00:15:45.000000000
17751,7397,0 days 00:31:26.000000000
37326,8268,0 days 00:34:07.000000000
39826,8829,0 days 00:36:28.000000000
41724,4344,0 days 00:16:41.000000000
64485,7835,0 days 00:33:23.000000000
66186,7324,0 days 00:30:37.000000000
69196,7661,0 days 00:33:45.000000000
69594,7374,0 days 00:35:40.000000000
129,0,0 days 00:00:00.000000000
152,4256,0 days 00:20:55.000000000
234,3736,0 days 00:14:30.000000000
527,1571,0 days 00:10:32.000000000
618,4998,0 days 00:17:52.000000000
897,1824,0 days 00:06:22.000000000
1023,3115,0 days 00:10:57.000000000
1094,3297,0 days 00:16:46.000000000
1983,2766,0 days 00:09:19.000000000
2562,1310,0 days 00:06:04.000000000
2616,1468,0 days 00:10:23.000000000
2664,4081,0 days 00:14:57.000000000
2929,6348,0 days 00:23:45.000000000
3557,3837,0 days 00:19:55.000000000
3749,752,0 days 00:04:05.000000000
4416,4274,0 days 00:16:12.000000000
4667,4100,0 days 00:15:09.000000000
4738,4205,0 days 00:15:35.000000000
5522,5621,0 days 00:26:44.000000000
6169,3996,0 days 00:14:40.000000000
10400,10057,0 days 00:30:21.000000000
10421,4226,0 days 00:14:54.000000000
10654,4351,0 days 00:16:16.000000000
10944,6316,0 days 00:28:12.000000000
16902,3733,0 days 00:18:02.000000000
16991,2107,0 days 00:12:05.000000000
17095,4241,0 days 00:21:33.000000000
17867,10589,0 days 00:31:51.000000000
19487,8867,0 days 00:30:56.000000000
19834,2061,0 days 00:06:37.000000000
20402,4363,0 days 00:16:24.000000000
20572,5786,0 days 00:26:20.000000000
24603,5489,0 days 00:26:25.000000000
26293,3154,0 days 00:20:39.000000000
28098,5641,0 days 00:25:45.000000000
31350,3274,0 days 00:16:34.000000000
32045,3989,0 days 00:19:13.000000000
32349,3884,0 days 00:20:03.000000000
34492,5196,0 days 00:20:15.000000000
45127,2747,0 days 00:14:33.000000000
52028,4772,0 days 00:23:32.000000000
52033,9233,0 days 00:31:58.000000000
71342,3705,0 days 00:14:14.000000000
72335,3612,0 days 00:17:56.000000000
73962,187,0 days 00:01:02.000000000
147,353,0 days 00:01:45.000000000
186,1472,0 days 00:05:03.000000000
187,1313,0 days 00:04:59.000000000
273,670,0 days 00:03:45.000000000
276,3046,0 days 00:12:10.000000000
283,1034,0 days 00:04:38.000000000
370,0,0 days 00:00:00.000000000
664,3360,0 days 00:14:15.000000000
701,4825,0 days 00:19:20.000000000
799,2812,0 days 00:12:32.000000000
813,3070,0 days 00:12:05.000000000
1273,4506,0 days 00:18:11.000000000
1313,2942,0 days 00:12:28.000000000
1351,5439,0 days 00:18:09.000000000
1523,777,0 days 00:03:51.000000000
1524,767,0 days 00:04:11.000000000
1621,1168,0 days 00:04:25.000000000
1872,4230,0 days 00:16:53.000000000
3092,3117,0 days 00:12:14.000000000
3244,5457,0 days 00:22:19.000000000
3353,7108,0 days 00:26:20.000000000
3891,3299,0 days 00:14:13.000000000
4019,3729,0 days 00:14:26.000000000
4799,6529,0 days 00:22:01.000000000
5464,3968,0 days 00:15:25.000000000
8038,5875,0 days 00:20:34.000000000
8543,3496,0 days 00:12:20.000000000
8908,5859,0 days 00:20:52.000000000
9212,3867,0 days 00:16:36.000000000
11779,1034,0 days 00:04:59.000000000
12110,3646,0 days 00:13:44.000000000
13057,3490,0 days 00:13:50.000000000
15416,5228,0 days 00:19:41.000000000
16205,6039,0 days 00:20:30.000000000
17122,6512,0 days 00:21:52.000000000
17800,7126,0 days 00:25:41.000000000
19961,4149,0 days 00:18:57.000000000
20584,4627,0 days 00:17:05.000000000
29448,5694,0 days 00:22:49.000000000
31333,4809,0 days 00:18:49.000000000
38088,3796,0 days 00:15:12.000000000
50714,3412,0 days 00:13:12.000000000
50957,7648,0 days 00:27:43.000000000
56220,4901,0 days 00:19:21.000000000
61927,8659,0 days 00:32:27.000000000
63217,8351,0 days 00:30:32.000000000
170,1564,0 days 00:08:06.000000000
204,1844,0 days 00:09:07.000000000
237,1044,0 days 00:05:12.000000000
503,4246,0 days 00:13:57.000000000
509,1853,0 days 00:07:59.000000000
512,492,0 days 00:02:03.000000000
658,2219,0 days 00:09:00.000000000
1150,1128,0 days 00:05:46.000000000
2168,543,0 days 00:03:00.000000000
2189,0,0 days 00:00:00.000000000
2996,5336,0 days 00:17:49.000000000
3232,5319,0 days 00:17:40.000000000
3388,4275,0 days 00:17:42.000000000
4886,1481,0 days 00:07:30.000000000
5736,2627,0 days 00:15:02.000000000
5892,4035,0 days 00:15:30.000000000
5925,4784,0 days 00:17:27.000000000
6275,3434,0 days 00:12:53.000000000
6383,5595,0 days 00:20:02.000000000
7242,5444,0 days 00:23:09.000000000
8092,4666,0 days 00:16:40.000000000
11378,5933,0 days 00:21:29.000000000
13790,4517,0 days 00:19:43.000000000
14091,5570,0 days 00:20:22.000000000
16133,727,0 days 00:04:41.000000000
16268,6455,0 days 00:23:31.000000000
17353,4846,0 days 00:16:19.000000000
17671,4682,0 days 00:16:22.000000000
17714,7158,0 days 00:26:20.000000000
20257,4228,0 days 00:17:34.000000000
21364,5915,0 days 00:22:09.000000000
22050,6325,0 days 00:23:01.000000000
28241,2927,0 days 00:12:12.000000000
29250,2700,0 days 00:10:56.000000000
35432,2271,0 days 00:09:37.000000000
35627,6735,0 days 00:24:04.000000000
40519,3844,0 days 00:16:57.000000000
41623,3749,0 days 00:17:29.000000000
42641,5747,0 days 00:23:46.000000000
45373,4237,0 days 00:19:10.000000000
56477,5387,0 days 00:22:22.000000000
59899,5125,0 days 00:20:54.000000000
60856,4803,0 days 00:19:13.000000000
62789,6100,0 days 00:24:01.000000000
64514,4887,0 days 00:19:55.000000000
185,1234,0 days 00:04:55.000000000
188,1571,0 days 00:05:28.000000000
242,6025,0 days 00:22:04.000000000
354,2786,0 days 00:11:33.000000000
584,638,0 days 00:02:43.000000000
685,4789,0 days 00:16:45.000000000
751,3499,0 days 00:12:10.000000000
761,2771,0 days 00:12:11.000000000
1091,2111,0 days 00:08:37.000000000
1432,2143,0 days 00:08:34.000000000
1597,701,0 days 00:03:17.000000000
1840,5748,0 days 00:25:55.000000000
1942,5670,0 days 00:20:28.000000000
2078,1981,0 days 00:06:28.000000000
2566,1277,0 days 00:05:11.000000000
2596,3567,0 days 00:14:07.000000000
2768,4172,0 days 00:16:23.000000000
2777,3302,0 days 00:14:10.000000000
3286,0,0 days 00:00:00.000000000
3385,2368,0 days 00:10:33.000000000
3441,5879,0 days 00:21:23.000000000
3579,2560,0 days 00:09:27.000000000
4128,2789,0 days 00:11:21.000000000
4455,1537,0 days 00:05:32.000000000
5916,3589,0 days 00:11:37.000000000
7386,1929,0 days 00:07:04.000000000
7853,7059,0 days 00:23:21.000000000
9570,4233,0 days 00:16:17.000000000
9998,3374,0 days 00:13:47.000000000
10755,6037,0 days 00:22:12.000000000
11143,5755,0 days 00:20:44.000000000
11317,5900,0 days 00:20:41.000000000
12242,9241,0 days 00:30:52.000000000
13520,6672,0 days 00:23:40.000000000
14236,5775,0 days 00:20:57.000000000
14243,2870,0 days 00:12:36.000000000
16189,2577,0 days 00:10:16.000000000
17719,4440,0 days 00:15:07.000000000
18232,5379,0 days 00:20:02.000000000
21197,4316,0 days 00:16:58.000000000
22611,2618,0 days 00:10:18.000000000
27085,5410,0 days 00:20:18.000000000
28842,8640,0 days 00:28:15.000000000
29082,5478,0 days 00:24:26.000000000
29410,4846,0 days 00:18:50.000000000
207,717,0 days 00:03:28.000000000
251,2319,0 days 00:08:59.000000000
562,4144,0 days 00:15:17.000000000
582,0,0 days 00:00:00.000000000
592,1892,0 days 00:07:46.000000000
683,2272,0 days 00:08:50.000000000
854,766,0 days 00:03:13.000000000
900,3663,0 days 00:15:18.000000000
920,2456,0 days 00:11:19.000000000
1190,1993,0 days 00:08:39.000000000
1269,1766,0 days 00:08:19.000000000
1391,4543,0 days 00:18:58.000000000
2049,821,0 days 00:03:59.000000000
2101,2561,0 days 00:11:00.000000000
2291,1968,0 days 00:09:39.000000000
2400,2293,0 days 00:09:03.000000000
2744,3543,0 days 00:15:49.000000000
5348,608,0 days 00:02:57.000000000
6177,8443,0 days 00:25:39.000000000
6492,5126,0 days 00:15:10.000000000
6539,1173,0 days 00:05:44.000000000
6620,4784,0 days 00:15:33.000000000
6718,3169,0 days 00:12:10.000000000
7261,4385,0 days 00:14:39.000000000
8468,5022,0 days 00:18:16.000000000
9338,1748,0 days 00:07:11.000000000
9726,2847,0 days 00:10:29.000000000
9991,6928,0 days 00:25:15.000000000
10202,2931,0 days 00:11:11.000000000
10604,3966,0 days 00:15:56.000000000
11318,3023,0 days 00:13:43.000000000
11802,8933,0 days 00:27:10.000000000
13825,7843,0 days 00:23:18.000000000
15289,5843,0 days 00:21:14.000000000
15805,3617,0 days 00:11:15.000000000
15972,5703,0 days 00:20:24.000000000
16307,8916,0 days 00:27:01.000000000
18904,4000,0 days 00:15:52.000000000
19862,3431,0 days 00:13:38.000000000
20374,8278,0 days 00:25:42.000000000
29482,2998,0 days 00:11:57.000000000
29539,5179,0 days 00:18:00.000000000
35834,4089,0 days 00:12:34.000000000
37430,4780,0 days 00:19:28.000000000
41022,4511,0 days 00:15:00.000000000
51511,5493,0 days 00:16:12.000000000
247,1376,0 days 00:05:16.000000000
366,0,0 days 00:00:00.000000000
404,3415,0 days 00:17:39.000000000
410,7128,0 days 00:25:15.000000000
446,2931,0 days 00:12:13.000000000
460,8906,0 days 00:27:41.000000000
548,2257,0 days 00:08:59.000000000
646,5728,0 days 00:27:10.000000000
691,2624,0 days 00:10:43.000000000
797,3089,0 days 00:16:32.000000000
1021,2535,0 days 00:10:31.000000000
1041,2373,0 days 00:10:14.000000000
1228,2466,0 days 00:09:54.000000000
1244,1997,0 days 00:08:49.000000000
1486,411,0 days 00:01:33.000000000
1650,1966,0 days 00:08:33.000000000
1890,6578,0 days 00:30:22.000000000
2311,1027,0 days 00:03:38.000000000
2427,2612,0 days 00:10:35.000000000
2958,3457,0 days 00:14:34.000000000
3041,2541,0 days 00:08:19.000000000
3094,3950,0 days 00:19:12.000000000
3272,2960,0 days 00:13:14.000000000
3356,4776,0 days 00:25:17.000000000
3468,1757,0 days 00:06:32.000000000
4208,4609,0 days 00:18:04.000000000
5370,2342,0 days 00:09:16.000000000
5970,2639,0 days 00:13:23.000000000
6164,4537,0 days 00:24:04.000000000
6334,3313,0 days 00:11:17.000000000
7772,2361,0 days 00:09:28.000000000
8629,4590,0 days 00:21:40.000000000
11733,5456,0 days 00:25:03.000000000
11882,7494,0 days 00:26:17.000000000
12116,8375,0 days 00:26:11.000000000
12837,4895,0 days 00:22:43.000000000
13072,5292,0 days 00:27:54.000000000
14161,6880,0 days 00:30:36.000000000
16469,5610,0 days 00:25:22.000000000
16874,7032,0 days 00:31:18.000000000
18065,3784,0 days 00:20:38.000000000
21513,5577,0 days 00:25:09.000000000
22025,6084,0 days 00:28:40.000000000
22129,6859,0 days 00:31:41.000000000
27333,5380,0 days 00:23:22.000000000
31953,5363,0 days 00:27:30.000000000
35995,5681,0 days 00:27:02.000000000
36757,7333,0 days 00:33:32.000000000
58691,7048,0 days 00:31:16.000000000
60460,6595,0 days 00:29:22.000000000
74653,1808,0 days 00:07:11.000000000
265,861,0 days 00:04:27.000000000
320,1708,0 days 00:07:49.000000000
395,5314,0 days 00:19:31.000000000
626,1074,0 days 00:05:11.000000000
723,2322,0 days 00:09:42.000000000
785,0,0 days 00:00:00.000000000
1335,1359,0 days 00:05:41.000000000
1361,1318,0 days 00:07:17.000000000
1382,1092,0 days 00:04:34.000000000
1436,8540,0 days 00:26:34.000000000
1466,922,0 days 00:03:40.000000000
1638,1116,0 days 00:05:31.000000000
3057,891,0 days 00:03:44.000000000
3146,2615,0 days 00:09:44.000000000
3242,1450,0 days 00:06:05.000000000
3306,1855,0 days 00:12:07.000000000
3313,4755,0 days 00:17:32.000000000
4952,6593,0 days 00:20:53.000000000
5240,5676,0 days 00:19:28.000000000
7408,8571,0 days 00:35:33.000000000
8868,2197,0 days 00:08:08.000000000
9036,6389,0 days 00:29:00.000000000
9928,8174,0 days 00:25:32.000000000
10452,4226,0 days 00:14:45.000000000
10617,7124,0 days 00:22:24.000000000
15976,1708,0 days 00:08:30.000000000
16669,6973,0 days 00:28:58.000000000
17486,3001,0 days 00:19:21.000000000
17803,5472,0 days 00:23:50.000000000
19097,1480,0 days 00:07:55.000000000
19863,5797,0 days 00:24:57.000000000
22121,5951,0 days 00:27:03.000000000
27942,8063,0 days 00:34:20.000000000
30378,6215,0 days 00:29:22.000000000
33055,9669,0 days 00:36:42.000000000
34008,7277,0 days 00:30:01.000000000
34139,8273,0 days 00:34:03.000000000
34693,7763,0 days 00:30:41.000000000
34928,2364,0 days 00:11:30.000000000
39850,8110,0 days 00:34:28.000000000
46840,3658,0 days 00:13:21.000000000
46871,6560,0 days 00:34:15.000000000
57220,7992,0 days 00:32:40.000000000
61392,6879,0 days 00:31:07.000000000
62420,8467,0 days 00:35:58.000000000
403,5563,0 days 00:23:04.000000000
709,2366,0 days 00:10:52.000000000
994,0,0 days 00:00:00.000000000
1323,1775,0 days 00:08:55.000000000
1396,2379,0 days 00:10:33.000000000
1525,2788,0 days 00:11:34.000000000
1696,5004,0 days 00:21:05.000000000
2540,6046,0 days 00:28:30.000000000
2756,5490,0 days 00:18:52.000000000
3238,2361,0 days 00:11:09.000000000
4243,1872,0 days 00:08:26.000000000
4601,1141,0 days 00:06:01.000000000
5112,888,0 days 00:04:34.000000000
5358,1113,0 days 00:05:10.000000000
7963,4389,0 days 00:17:23.000000000
10697,2883,0 days 00:13:10.000000000
11735,7988,0 days 00:24:56.000000000
13142,6938,0 days 00:21:47.000000000
14411,11048,0 days 00:41:45.000000000
15528,710,0 days 00:04:04.000000000
15564,1384,0 days 00:06:57.000000000
16045,1527,0 days 00:07:01.000000000
16836,7526,0 days 00:33:34.000000000
16995,8012,0 days 00:34:13.000000000
17581,1624,0 days 00:07:54.000000000
17869,6407,0 days 00:20:17.000000000
18467,6377,0 days 00:28:36.000000000
19054,5939,0 days 00:26:40.000000000
19389,8354,0 days 00:25:57.000000000
20451,5721,0 days 00:27:23.000000000
20905,2335,0 days 00:13:17.000000000
23570,1696,0 days 00:08:07.000000000
25905,1419,0 days 00:07:23.000000000
28785,6582,0 days 00:30:03.000000000
36709,11946,0 days 00:45:05.000000000
42258,6393,0 days 00:28:34.000000000
46127,6951,0 days 00:31:17.000000000
59307,8241,0 days 00:36:13.000000000
67069,9657,0 days 00:36:19.000000000
67140,11624,0 days 00:43:24.000000000
74294,4440,0 days 00:18:02.000000000
437,5293,0 days 00:19:44.000000000
745,3237,0 days 00:11:27.000000000
764,3568,0 days 00:19:51.000000000
893,1175,0 days 00:05:01.000000000
937,0,0 days 00:00:00.000000000
1291,11131,0 days 00:34:17.000000000
1296,586,0 days 00:03:25.000000000
1399,2913,0 days 00:10:31.000000000
1622,5349,0 days 00:24:54.000000000
2268,5084,0 days 00:18:49.000000000
2906,5188,0 days 00:19:19.000000000
3226,6199,0 days 00:18:39.000000000
3357,3226,0 days 00:17:14.000000000
3574,4824,0 days 00:18:39.000000000
4478,4793,0 days 00:18:23.000000000
4644,4203,0 days 00:15:06.000000000
4939,6971,0 days 00:21:37.000000000
5001,7096,0 days 00:22:29.000000000
5429,1255,0 days 00:10:20.000000000
6131,11662,0 days 00:35:48.000000000
7493,2611,0 days 00:14:26.000000000
7815,806,0 days 00:08:15.000000000
7925,8371,0 days 00:27:39.000000000
10286,4527,0 days 00:22:57.000000000
11090,1791,0 days 00:11:53.000000000
11342,2431,0 days 00:14:21.000000000
12308,7436,0 days 00:27:54.000000000
13953,4419,0 days 00:23:03.000000000
14067,4456,0 days 00:23:20.000000000
15446,3731,0 days 00:19:26.000000000
15545,5787,0 days 00:23:04.000000000
15625,3939,0 days 00:20:43.000000000
16612,9955,0 days 00:35:06.000000000
16657,7151,0 days 00:23:20.000000000
18265,4720,0 days 00:23:17.000000000
18520,3097,0 days 00:15:05.000000000
20195,3326,0 days 00:17:05.000000000
21330,10321,0 days 00:36:07.000000000
24110,5304,0 days 00:26:32.000000000
25646,3854,0 days 00:13:28.000000000
28269,5466,0 days 00:23:13.000000000
29245,5362,0 days 00:20:22.000000000
29481,5169,0 days 00:19:06.000000000
36202,5325,0 days 00:25:34.000000000
38356,3521,0 days 00:19:43.000000000
46165,3925,0 days 00:21:21.000000000
55641,3905,0 days 00:19:58.000000000
60600,5469,0 days 00:26:08.000000000
579,810,0 days 00:03:54.000000000
1192,1612,0 days 00:07:02.000000000
1341,2192,0 days 00:09:13.000000000
1359,2100,0 days 00:08:28.000000000
1451,3331,0 days 00:12:13.000000000
1815,1374,0 days 00:07:26.000000000
2894,4912,0 days 00:20:21.000000000
3371,0,0 days 00:00:00.000000000
3712,1534,0 days 00:07:25.000000000
4135,1145,0 days 00:07:15.000000000
4315,3279,0 days 00:14:25.000000000
5546,5471,0 days 00:22:20.000000000
5586,1145,0 days 00:06:09.000000000
5605,2195,0 days 00:10:23.000000000
6004,1290,0 days 00:06:10.000000000
7048,1531,0 days 00:07:10.000000000
7479,3922,0 days 00:19:45.000000000
11406,2054,0 days 00:09:34.000000000
11878,2696,0 days 00:10:52.000000000
14055,2959,0 days 00:13:08.000000000
14059,2712,0 days 00:12:04.000000000
14061,2859,0 days 00:10:54.000000000
15109,2286,0 days 00:09:49.000000000
24797,3322,0 days 00:13:38.000000000
26307,4365,0 days 00:21:38.000000000
28370,4042,0 days 00:18:06.000000000
33853,4704,0 days 00:22:08.000000000
35040,2977,0 days 00:12:40.000000000
37092,2925,0 days 00:14:22.000000000
38821,768,0 days 00:04:46.000000000
42525,7682,0 days 00:33:10.000000000
48791,5057,0 days 00:23:53.000000000
58837,4802,0 days 00:23:59.000000000
631,4712,0 days 00:20:48.000000000
740,3049,0 days 00:10:16.000000000
3335,3433,0 days 00:11:37.000000000
4114,1259,0 days 00:04:13.000000000
4193,2971,0 days 00:12:41.000000000
4456,2777,0 days 00:12:31.000000000
5933,2240,0 days 00:07:58.000000000
6294,3142,0 days 00:11:01.000000000
10891,3144,0 days 00:12:11.000000000
11510,4177,0 days 00:18:46.000000000
12417,4711,0 days 00:19:36.000000000
13939,4227,0 days 00:18:28.000000000
14459,2324,0 days 00:09:14.000000000
15608,2484,0 days 00:09:13.000000000
16395,0,0 days 00:00:00.000000000
17340,2738,0 days 00:08:38.000000000
17408,1760,0 days 00:05:42.000000000
19976,2384,0 days 00:09:05.000000000
22107,3657,0 days 00:16:44.000000000
22725,2266,0 days 00:07:20.000000000
28400,3220,0 days 00:14:23.000000000
28405,3726,0 days 00:16:27.000000000
28781,2481,0 days 00:08:58.000000000
29873,2670,0 days 00:12:55.000000000
30269,2095,0 days 00:07:56.000000000
33366,2729,0 days 00:10:03.000000000
40797,2562,0 days 00:08:50.000000000
43594,4144,0 days 00:18:25.000000000
49619,3908,0 days 00:14:56.000000000
53863,3619,0 days 00:16:47.000000000
65761,3751,0 days 00:16:26.000000000
73123,3236,0 days 00:11:37.000000000
1401,665,0 days 00:02:57.000000000
1941,5670,0 days 00:20:19.000000000
1964,1636,0 days 00:07:05.000000000
2138,0,0 days 00:00:00.000000000
2185,2266,0 days 00:08:29.000000000
2299,996,0 days 00:03:43.000000000
3481,2710,0 days 00:10:54.000000000
4145,2199,0 days 00:09:05.000000000
4489,3709,0 days 00:13:42.000000000
5273,8072,0 days 00:28:51.000000000
7842,2128,0 days 00:07:57.000000000
8668,3672,0 days 00:14:26.000000000
9609,1482,0 days 00:07:23.000000000
10479,6961,0 days 00:24:54.000000000
15731,3641,0 days 00:15:14.000000000
15877,1194,0 days 00:05:38.000000000
16543,609,0 days 00:03:02.000000000
16686,6291,0 days 00:27:12.000000000
17462,684,0 days 00:03:01.000000000
20418,3317,0 days 00:12:55.000000000
20795,764,0 days 00:04:17.000000000
21140,1211,0 days 00:04:12.000000000
22147,4510,0 days 00:17:27.000000000
22701,3406,0 days 00:13:04.000000000
25688,2767,0 days 00:11:28.000000000
29172,6612,0 days 00:23:16.000000000
29730,7238,0 days 00:23:48.000000000
31002,8197,0 days 00:30:13.000000000
49090,7946,0 days 00:29:07.000000000
49481,8819,0 days 00:28:42.000000000
49830,6060,0 days 00:27:12.000000000
53287,7842,0 days 00:28:37.000000000
53575,5790,0 days 00:25:43.000000000
55197,3124,0 days 00:12:37.000000000
59211,4654,0 days 00:18:02.000000000
69490,8085,0 days 00:26:45.000000000
72985,856,0 days 00:03:08.000000000
46569,3573,0 days 00:13:46.000000000
46599,0,0 days 00:00:00.000000000
46625,3659,0 days 00:18:15.000000000
46721,2881,0 days 00:15:39.000000000
46826,3325,0 days 00:13:24.000000000
68105,7842,0 days 00:30:53.000000000
73694,0,0 days 00:00:00.000000000
73828,2731,0 days 00:09:03.000000000
74191,4316,0 days 00:15:59.000000000
74192,1123,0 days 00:05:02.000000000
74645,1790,0 days 00:06:05.000000000
74720,4963,0 days 00:17:36.000000000
74821,187,0 days 00:01:08.000000000
75201,1281,0 days 00:09:21.000000000
76107,2114,0 days 00:07:01.000000000
