From station id,To station id,Gdistance (meters),time
1026,1032,1068,0 days 00:03:47.000000000
1029,1021,2868,0 days 00:12:03.000000000
1029,1028,1080,0 days 00:04:27.000000000
1041,1047,2865,0 days 00:08:36.000000000
1047,1002,4109,0 days 00:13:05.000000000
1002,1000,581,0 days 00:02:01.000000000
1000,1007,1774,0 days 00:07:30.000000000
1007,1005,1121,0 days 00:05:01.000000000
1005,1047,4370,0 days 00:14:07.000000000
1047,1047,0,0 days 00:00:00.000000000
1014,1015,965,0 days 00:03:38.000000000
1047,1007,2453,0 days 00:11:07.000000000
1007,1041,2904,0 days 00:12:38.000000000
1012,1033,8836,0 days 00:37:25.000000000
1045,1049,1852,0 days 00:06:43.000000000
1018,1005,4265,0 days 00:16:36.000000000
1003,1003,0,0 days 00:00:00.000000000
1006,1017,1998,0 days 00:07:22.000000000
1022,1036,2812,0 days 00:11:51.000000000
1048,1004,3836,0 days 00:12:32.000000000
1039,1012,6733,0 days 00:24:13.000000000
1028,1029,1244,0 days 00:03:52.000000000
1038,1045,2165,0 days 00:09:34.000000000
1020,1019,731,0 days 00:02:15.000000000
1012,1000,1551,0 days 00:08:28.000000000
1045,1045,0,0 days 00:00:00.000000000
1000,1047,4911,0 days 00:16:12.000000000
1001,1000,543,0 days 00:01:54.000000000
1016,1021,3719,0 days 00:18:38.000000000
1007,1045,2824,0 days 00:09:54.000000000
1005,1005,0,0 days 00:00:00.000000000
1047,1000,4583,0 days 00:14:33.000000000
1000,1001,301,0 days 00:00:56.000000000
1029,1040,3309,0 days 00:13:05.000000000
1010,1016,1105,0 days 00:04:33.000000000
1045,1048,1498,0 days 00:04:44.000000000
1041,1012,5855,0 days 00:21:19.000000000
1001,1013,834,0 days 00:04:23.000000000
1023,1015,7213,0 days 00:26:39.000000000
1007,1048,2834,0 days 00:08:28.000000000
1006,1000,1433,0 days 00:05:26.000000000
1038,1004,4558,0 days 00:15:33.000000000
1045,1029,7295,0 days 00:27:48.000000000
1001,1016,2035,0 days 00:08:39.000000000
1000,1048,4380,0 days 00:14:41.000000000
1048,1045,2266,0 days 00:06:49.000000000
1029,1033,1185,0 days 00:04:50.000000000
1041,1039,1040,0 days 00:04:39.000000000
1014,1014,0,0 days 00:00:00.000000000
1040,1041,517,0 days 00:02:37.000000000
1046,1045,380,0 days 00:01:04.000000000
1009,1010,349,0 days 00:01:38.000000000
1007,1003,1519,0 days 00:06:23.000000000
1001,1007,1631,0 days 00:07:01.000000000
1048,1001,4068,0 days 00:13:14.000000000
1038,1038,0,0 days 00:00:00.000000000
1004,1038,4507,0 days 00:20:52.000000000
1003,1007,1370,0 days 00:06:24.000000000
1033,1033,0,0 days 00:00:00.000000000
1002,1007,1712,0 days 00:07:16.000000000
1032,1031,578,0 days 00:01:49.000000000
1010,1003,1041,0 days 00:04:49.000000000
1034,1037,1132,0 days 00:05:42.000000000
1043,1028,5314,0 days 00:19:59.000000000
1034,1033,1664,0 days 00:05:53.000000000
1049,1001,3019,0 days 00:11:08.000000000
1002,1016,2207,0 days 00:08:56.000000000
1025,1026,715,0 days 00:02:39.000000000
1027,1041,4118,0 days 00:16:07.000000000
1023,1022,640,0 days 00:03:22.000000000
1024,1006,7247,0 days 00:26:43.000000000
1022,1023,640,0 days 00:02:28.000000000
1020,1000,5318,0 days 00:19:01.000000000
1037,1034,1132,0 days 00:05:38.000000000
1003,1010,1077,0 days 00:04:59.000000000
1020,1024,2313,0 days 00:08:10.000000000
1006,1040,4735,0 days 00:24:33.000000000
1033,1034,1628,0 days 00:05:47.000000000
1049,1049,0,0 days 00:00:00.000000000
1031,1032,578,0 days 00:02:27.000000000
1041,1041,0,0 days 00:00:00.000000000
1041,1049,4033,0 days 00:12:53.000000000
1010,1010,0,0 days 00:00:00.000000000
1033,1037,2679,0 days 00:10:13.000000000
1038,1039,552,0 days 00:01:38.000000000
1039,1040,1187,0 days 00:05:53.000000000
1018,1050,616,0 days 00:02:59.000000000
1005,1016,1977,0 days 00:07:31.000000000
1015,1011,2096,0 days 00:07:25.000000000
1031,1031,0,0 days 00:00:00.000000000
1050,1050,0,0 days 00:00:00.000000000
1016,1005,1674,0 days 00:08:03.000000000
1040,1034,1268,0 days 00:04:33.000000000
1034,1021,2120,0 days 00:09:10.000000000
1029,1016,6429,0 days 00:22:44.000000000
1012,1011,1795,0 days 00:07:23.000000000
1034,1024,1954,0 days 00:08:02.000000000
1000,1015,2106,0 days 00:09:34.000000000
1007,1007,0,0 days 00:00:00.000000000
1024,1030,526,0 days 00:02:29.000000000
1032,1024,1152,0 days 00:05:40.000000000
1048,1047,637,0 days 00:01:48.000000000
1036,1037,353,0 days 00:01:45.000000000
1040,1038,2239,0 days 00:08:00.000000000
1050,1040,4256,0 days 00:20:55.000000000
1040,1039,1491,0 days 00:06:32.000000000
1016,1010,1054,0 days 00:04:30.000000000
1001,1001,0,0 days 00:00:00.000000000
1049,1005,2630,0 days 00:11:07.000000000
1001,1009,1280,0 days 00:06:00.000000000
1038,1036,1284,0 days 00:05:12.000000000
1039,1041,667,0 days 00:02:59.000000000
1044,1040,1564,0 days 00:08:06.000000000
1000,1013,881,0 days 00:04:43.000000000
1038,1043,1208,0 days 00:04:05.000000000
1001,1004,976,0 days 00:04:01.000000000
1028,1043,5994,0 days 00:22:47.000000000
1003,1047,4086,0 days 00:14:58.000000000
1040,1031,2749,0 days 00:09:46.000000000
1040,1040,0,0 days 00:00:00.000000000
1021,1019,1234,0 days 00:04:55.000000000
1036,1038,1472,0 days 00:05:03.000000000
1036,1044,1313,0 days 00:04:59.000000000
1021,1050,1571,0 days 00:05:28.000000000
1001,1047,6711,0 days 00:20:53.000000000
1047,1003,3811,0 days 00:12:20.000000000
1010,1015,1991,0 days 00:08:34.000000000
1004,1048,3836,0 days 00:12:41.000000000
1005,1049,2645,0 days 00:09:57.000000000
1002,1048,4180,0 days 00:14:05.000000000
1043,1038,1160,0 days 00:05:22.000000000
1038,1040,1739,0 days 00:07:31.000000000
1034,1020,2687,0 days 00:11:33.000000000
1003,1049,2556,0 days 00:09:53.000000000
1044,1035,1844,0 days 00:09:07.000000000
1038,1041,1219,0 days 00:04:37.000000000
1035,1040,717,0 days 00:03:28.000000000
1047,1005,3353,0 days 00:13:22.000000000
1041,1044,1131,0 days 00:04:07.000000000
1025,1001,7256,0 days 00:24:56.000000000
1047,1001,4599,0 days 00:14:42.000000000
1031,1023,1137,0 days 00:05:34.000000000
1048,1007,3091,0 days 00:12:55.000000000
1049,1003,2231,0 days 00:08:46.000000000
1023,1020,1770,0 days 00:07:46.000000000
1043,1040,1420,0 days 00:06:23.000000000
1040,1028,4575,0 days 00:16:04.000000000
1010,1007,1640,0 days 00:08:34.000000000
1041,1038,1288,0 days 00:06:31.000000000
1009,1009,0,0 days 00:00:00.000000000
1002,1002,0,0 days 00:00:00.000000000
1004,1004,0,0 days 00:00:00.000000000
1050,1005,3736,0 days 00:14:30.000000000
1014,1001,2334,0 days 00:08:28.000000000
1044,1041,1044,0 days 00:05:12.000000000
1001,1010,1041,0 days 00:05:02.000000000
1015,1010,1931,0 days 00:07:19.000000000
1010,1036,6023,0 days 00:30:52.000000000
1021,1011,6025,0 days 00:22:04.000000000
1002,1017,2617,0 days 00:09:57.000000000
1039,1038,699,0 days 00:04:10.000000000
1020,1035,3157,0 days 00:12:52.000000000
1017,1010,1376,0 days 00:05:16.000000000
1005,1050,3987,0 days 00:14:21.000000000
1035,1031,2319,0 days 00:08:59.000000000
1040,1044,1581,0 days 00:06:00.000000000
1003,1000,801,0 days 00:02:43.000000000
1009,1000,1230,0 days 00:05:21.000000000
1001,1025,7183,0 days 00:31:39.000000000
1013,1000,861,0 days 00:04:27.000000000
1001,1014,2822,0 days 00:12:55.000000000
1036,1041,670,0 days 00:03:45.000000000
1028,1032,1248,0 days 00:04:21.000000000
1041,1000,6331,0 days 00:21:00.000000000
1036,1045,3046,0 days 00:12:10.000000000
1032,1032,0,0 days 00:00:00.000000000
1032,1029,567,0 days 00:02:06.000000000
1022,1019,1770,0 days 00:05:59.000000000
1036,1039,1034,0 days 00:04:38.000000000
1006,1046,5680,0 days 00:17:58.000000000
1027,1031,900,0 days 00:02:57.000000000
1020,1030,2443,0 days 00:10:19.000000000
1028,1026,1939,0 days 00:07:18.000000000
1026,1037,3735,0 days 00:14:12.000000000
1023,1030,1036,0 days 00:03:45.000000000
1043,1033,3442,0 days 00:13:32.000000000
1033,1028,1766,0 days 00:06:58.000000000
1003,1013,1393,0 days 00:06:15.000000000
1016,1047,8532,0 days 00:25:59.000000000
1013,1003,1708,0 days 00:07:49.000000000
1010,1019,4289,0 days 00:17:04.000000000
1024,1040,2811,0 days 00:12:07.000000000
1032,1039,4508,0 days 00:18:04.000000000
1026,1033,1686,0 days 00:06:26.000000000
1040,1024,2992,0 days 00:11:47.000000000
1002,1009,1452,0 days 00:06:18.000000000
1046,1046,0,0 days 00:00:00.000000000
1000,1017,2415,0 days 00:09:37.000000000
1031,1040,2751,0 days 00:11:11.000000000
1040,1020,3279,0 days 00:13:37.000000000
1040,1006,4099,0 days 00:13:43.000000000
1016,1001,2143,0 days 00:09:08.000000000
1021,1040,2786,0 days 00:11:33.000000000
1045,1003,5211,0 days 00:16:48.000000000
1020,1033,2958,0 days 00:13:46.000000000
1017,1017,0,0 days 00:00:00.000000000
1004,1001,1128,0 days 00:04:28.000000000
1045,1016,6855,0 days 00:23:27.000000000
1036,1036,0,0 days 00:00:00.000000000
1025,1019,2559,0 days 00:08:10.000000000
1009,1015,2284,0 days 00:09:15.000000000
1046,1048,1092,0 days 00:03:37.000000000
1046,1003,3658,0 days 00:12:24.000000000
1000,1000,0,0 days 00:00:00.000000000
1048,1049,590,0 days 00:02:52.000000000
1048,1046,1092,0 days 00:05:02.000000000
1022,1010,5325,0 days 00:17:49.000000000
1013,1019,5314,0 days 00:19:31.000000000
1015,1015,0,0 days 00:00:00.000000000
1033,1040,2668,0 days 00:10:27.000000000
1032,1028,1248,0 days 00:04:52.000000000
1011,1019,5563,0 days 00:23:04.000000000
1017,1021,3415,0 days 00:17:39.000000000
1015,1016,2333,0 days 00:09:51.000000000
1017,1045,7128,0 days 00:25:15.000000000
1000,1023,6849,0 days 00:30:34.000000000
1012,1001,1978,0 days 00:08:50.000000000
1014,1000,2121,0 days 00:07:44.000000000
1048,1017,5817,0 days 00:19:53.000000000
1012,1012,0,0 days 00:00:00.000000000
1019,1001,5293,0 days 00:19:44.000000000
1046,1013,4757,0 days 00:18:28.000000000
1004,1045,4776,0 days 00:14:27.000000000
1048,1048,0,0 days 00:00:00.000000000
1017,1019,2931,0 days 00:12:13.000000000
1033,1043,4054,0 days 00:15:17.000000000
1041,1033,3288,0 days 00:12:44.000000000
1029,1027,464,0 days 00:02:06.000000000
1029,1032,567,0 days 00:02:10.000000000
1041,1022,2810,0 days 00:12:40.000000000
1043,1044,501,0 days 00:01:24.000000000
1017,1047,8906,0 days 00:27:41.000000000
1025,1024,817,0 days 00:02:26.000000000
1007,1002,1596,0 days 00:06:07.000000000
1039,1039,0,0 days 00:00:00.000000000
1020,1028,4566,0 days 00:17:59.000000000
1018,1017,2354,0 days 00:08:29.000000000
1025,1030,904,0 days 00:03:10.000000000
1032,1021,2697,0 days 00:11:55.000000000
1023,1023,0,0 days 00:00:00.000000000
1020,1020,0,0 days 00:00:00.000000000
1022,1050,2107,0 days 00:06:32.000000000
1025,1023,1211,0 days 00:04:24.000000000
1048,1042,2791,0 days 00:15:45.000000000
1046,1007,2666,0 days 00:10:49.000000000
1047,1049,1332,0 days 00:04:44.000000000
1044,1004,4246,0 days 00:13:57.000000000
1038,1037,1636,0 days 00:06:57.000000000
1044,1045,1853,0 days 00:07:59.000000000
1044,1043,492,0 days 00:02:03.000000000
1037,1044,1665,0 days 00:06:30.000000000
1040,1036,767,0 days 00:02:57.000000000
1026,1024,954,0 days 00:03:33.000000000
1024,1029,1210,0 days 00:05:30.000000000
1003,1004,478,0 days 00:02:23.000000000
1037,1036,353,0 days 00:01:31.000000000
1024,1023,599,0 days 00:02:41.000000000
1050,1021,1571,0 days 00:10:32.000000000
1040,1023,2319,0 days 00:09:00.000000000
1023,1040,2319,0 days 00:09:40.000000000
1010,1001,1145,0 days 00:05:35.000000000
1037,1038,1172,0 days 00:04:37.000000000
1007,1001,1687,0 days 00:06:23.000000000
1017,1000,2257,0 days 00:08:59.000000000
1020,1050,1409,0 days 00:05:13.000000000
1035,1028,4144,0 days 00:15:17.000000000
1028,1035,3760,0 days 00:14:14.000000000
1018,1046,9763,0 days 00:34:05.000000000
1007,1000,2170,0 days 00:08:12.000000000
1039,1036,779,0 days 00:03:42.000000000
1040,1010,4735,0 days 00:17:20.000000000
1008,1006,810,0 days 00:03:54.000000000
1035,1035,0,0 days 00:00:00.000000000
1021,1022,638,0 days 00:02:43.000000000
1041,1050,4842,0 days 00:18:53.000000000
1028,1036,4825,0 days 00:18:21.000000000
1020,1021,692,0 days 00:04:23.000000000
1035,1044,1892,0 days 00:07:46.000000000
1022,1032,2134,0 days 00:09:27.000000000
1020,1034,2722,0 days 00:11:10.000000000
1015,1005,2748,0 days 00:11:28.000000000
1043,1045,2458,0 days 00:09:32.000000000
1023,1037,2586,0 days 00:10:40.000000000
1047,1004,2534,0 days 00:08:22.000000000
1050,1012,4998,0 days 00:17:52.000000000
1002,1011,1223,0 days 00:05:53.000000000
1003,1045,5254,0 days 00:16:50.000000000
1004,1047,4367,0 days 00:14:11.000000000
1007,1015,3538,0 days 00:15:17.000000000
1045,1047,861,0 days 00:02:59.000000000
1013,1001,1074,0 days 00:05:11.000000000
1003,1001,815,0 days 00:02:46.000000000
1009,1017,1193,0 days 00:03:50.000000000
1042,1020,4712,0 days 00:20:48.000000000
1005,1015,2468,0 days 00:10:09.000000000
1009,1012,2222,0 days 00:08:51.000000000
1027,1027,0,0 days 00:00:00.000000000
1010,1017,1514,0 days 00:05:34.000000000
1041,1019,4504,0 days 00:18:19.000000000
1001,1008,1478,0 days 00:08:50.000000000
1037,1023,2586,0 days 00:10:43.000000000
1024,1039,4394,0 days 00:18:36.000000000
1017,1031,5728,0 days 00:27:10.000000000
1018,1001,4734,0 days 00:17:42.000000000
1044,1046,2219,0 days 00:09:00.000000000
1009,1002,1315,0 days 00:05:37.000000000
1018,1018,0,0 days 00:00:00.000000000
1036,1024,3360,0 days 00:14:15.000000000
1041,1036,645,0 days 00:03:24.000000000
1006,1005,424,0 days 00:02:52.000000000
1015,1049,6554,0 days 00:23:26.000000000
1045,1043,2287,0 days 00:13:46.000000000
1010,1004,1215,0 days 00:05:52.000000000
1029,1024,1138,0 days 00:05:06.000000000
1035,1033,2272,0 days 00:08:50.000000000
1021,1010,4789,0 days 00:16:45.000000000
1017,1015,2624,0 days 00:10:43.000000000
1001,1048,6179,0 days 00:19:23.000000000
1036,1028,4825,0 days 00:19:20.000000000
1045,1002,5375,0 days 00:16:44.000000000
1028,1028,0,0 days 00:00:00.000000000
1011,1015,2366,0 days 00:10:52.000000000
1041,1029,3947,0 days 00:15:06.000000000
1029,1029,0,0 days 00:00:00.000000000
1013,1014,2322,0 days 00:09:42.000000000
1001,1018,4661,0 days 00:19:10.000000000
1022,1025,1651,0 days 00:06:15.000000000
1040,1014,7404,0 days 00:28:00.000000000
1042,1001,3049,0 days 00:10:16.000000000
1028,1041,4873,0 days 00:19:05.000000000
1019,1016,3237,0 days 00:11:27.000000000
1041,1021,3298,0 days 00:14:21.000000000
1024,1026,1055,0 days 00:04:24.000000000
1021,1017,3499,0 days 00:12:10.000000000
1007,1046,2480,0 days 00:08:55.000000000
1006,1019,4772,0 days 00:18:50.000000000
1021,1032,2771,0 days 00:12:11.000000000
1019,1031,3568,0 days 00:19:51.000000000
1039,1044,398,0 days 00:01:29.000000000
1031,1006,6692,0 days 00:27:59.000000000
1041,1040,586,0 days 00:03:07.000000000
1049,1007,3445,0 days 00:13:16.000000000
1016,1007,2638,0 days 00:12:28.000000000
1040,1019,3918,0 days 00:15:12.000000000
1032,1034,2068,0 days 00:07:29.000000000
1013,1013,0,0 days 00:00:00.000000000
1045,1007,3072,0 days 00:11:56.000000000
1020,1017,3146,0 days 00:10:43.000000000
1049,1045,2019,0 days 00:07:05.000000000
1022,1024,1190,0 days 00:04:41.000000000
1034,1032,2240,0 days 00:07:32.000000000
1017,1020,3089,0 days 00:16:32.000000000
1036,1022,2812,0 days 00:12:32.000000000
1040,1035,912,0 days 00:03:10.000000000
1036,1033,3070,0 days 00:12:05.000000000
1025,1031,1454,0 days 00:06:15.000000000
1023,1035,2084,0 days 00:08:36.000000000
1007,1006,996,0 days 00:04:41.000000000
1041,1035,1129,0 days 00:06:09.000000000
1005,1045,5348,0 days 00:16:52.000000000
1035,1041,766,0 days 00:03:13.000000000
1045,1044,1850,0 days 00:11:49.000000000
1027,1028,1103,0 days 00:03:46.000000000
1041,1024,3578,0 days 00:14:54.000000000
1001,1050,4046,0 days 00:15:29.000000000
1006,1008,618,0 days 00:04:38.000000000
1019,1050,1175,0 days 00:05:01.000000000
1034,1023,1536,0 days 00:06:15.000000000
1050,1017,1824,0 days 00:06:22.000000000
1039,1035,1467,0 days 00:06:53.000000000
1035,1019,3663,0 days 00:15:18.000000000
1023,1033,1090,0 days 00:05:22.000000000
1035,1021,2456,0 days 00:11:19.000000000
1033,1022,1694,0 days 00:08:14.000000000
1047,1048,637,0 days 00:01:45.000000000
1027,1029,464,0 days 00:01:16.000000000
1019,1019,0,0 days 00:00:00.000000000
1022,1034,1581,0 days 00:06:39.000000000
1020,1023,1867,0 days 00:08:24.000000000
1028,1023,2742,0 days 00:10:53.000000000
1023,1027,1988,0 days 00:08:41.000000000
1031,1027,900,0 days 00:04:15.000000000
1026,1020,2543,0 days 00:10:16.000000000
1011,1011,0,0 days 00:00:00.000000000
1027,1004,10250,0 days 00:32:17.000000000
1015,1002,2320,0 days 00:09:11.000000000
1014,1004,2968,0 days 00:11:47.000000000
1024,1037,3005,0 days 00:12:27.000000000
1004,1017,2527,0 days 00:10:43.000000000
1017,1004,2535,0 days 00:10:31.000000000
1050,1010,3115,0 days 00:10:57.000000000
1010,1050,3115,0 days 00:11:23.000000000
1002,1015,2308,0 days 00:09:57.000000000
1049,1037,7380,0 days 00:27:17.000000000
1014,1042,4260,0 days 00:22:39.000000000
1005,1017,2418,0 days 00:08:33.000000000
1003,1019,5310,0 days 00:20:59.000000000
1017,1018,2373,0 days 00:10:14.000000000
1009,1016,755,0 days 00:02:39.000000000
1032,1010,7459,0 days 00:27:45.000000000
1048,1002,3578,0 days 00:11:37.000000000
1034,1040,1268,0 days 00:05:35.000000000
1028,1027,1103,0 days 00:03:33.000000000
1022,1040,2224,0 days 00:09:38.000000000
1021,1030,2111,0 days 00:08:37.000000000
1050,1024,3297,0 days 00:16:46.000000000
1028,1034,3316,0 days 00:11:49.000000000
1004,1046,5142,0 days 00:15:29.000000000
1034,1035,443,0 days 00:02:25.000000000
1010,1009,349,0 days 00:01:55.000000000
1009,1001,1439,0 days 00:06:16.000000000
1002,1003,740,0 days 00:02:51.000000000
1020,1009,4088,0 days 00:13:40.000000000
1049,1047,1204,0 days 00:04:19.000000000
1037,1024,3005,0 days 00:12:29.000000000
1039,1050,5404,0 days 00:21:28.000000000
1020,1026,2543,0 days 00:10:10.000000000
1034,1041,1784,0 days 00:08:12.000000000
1044,1036,1128,0 days 00:05:46.000000000
1047,1010,3865,0 days 00:16:39.000000000
1029,1035,2713,0 days 00:10:51.000000000
1027,1032,835,0 days 00:02:41.000000000
1033,1027,1302,0 days 00:05:47.000000000
1012,1020,6244,0 days 00:26:56.000000000
1035,1023,1993,0 days 00:08:39.000000000
1008,1002,1612,0 days 00:07:02.000000000
1026,1036,4091,0 days 00:15:43.000000000
1010,1013,1156,0 days 00:05:12.000000000
1033,1029,1034,0 days 00:04:26.000000000
1010,1018,3730,0 days 00:15:05.000000000
1023,1026,1382,0 days 00:06:08.000000000
1010,1000,937,0 days 00:04:40.000000000
1009,1006,939,0 days 00:04:55.000000000
1017,1001,2466,0 days 00:09:54.000000000
1000,1016,2005,0 days 00:08:36.000000000
1023,1048,8088,0 days 00:26:27.000000000
1001,1003,821,0 days 00:03:02.000000000
1017,1005,1997,0 days 00:08:49.000000000
1005,1021,5644,0 days 00:25:28.000000000
1025,1033,1698,0 days 00:07:35.000000000
1043,1046,2824,0 days 00:10:34.000000000
1040,1022,2224,0 days 00:09:33.000000000
1046,1017,5399,0 days 00:19:46.000000000
1022,1017,4034,0 days 00:13:14.000000000
1035,1039,1766,0 days 00:08:19.000000000
1033,1017,5729,0 days 00:21:28.000000000
1031,1026,1162,0 days 00:05:36.000000000
1036,1019,4506,0 days 00:18:11.000000000
1004,1049,2525,0 days 00:10:07.000000000
1049,1004,2525,0 days 00:09:56.000000000
1024,1036,3360,0 days 00:13:58.000000000
1000,1018,4631,0 days 00:19:08.000000000
1018,1019,586,0 days 00:02:55.000000000
1019,1048,11131,0 days 00:34:17.000000000
1034,1044,2798,0 days 00:10:59.000000000
1019,1018,586,0 days 00:03:25.000000000
1024,1024,0,0 days 00:00:00.000000000
1001,1012,1644,0 days 00:07:32.000000000
1015,1013,1339,0 days 00:04:58.000000000
1005,1010,928,0 days 00:04:01.000000000
1006,1012,2260,0 days 00:09:30.000000000
1036,1023,2942,0 days 00:12:28.000000000
1011,1006,1775,0 days 00:08:55.000000000
1006,1048,4303,0 days 00:14:55.000000000
1049,1017,4769,0 days 00:17:47.000000000
1031,1033,638,0 days 00:03:40.000000000
1048,1000,4051,0 days 00:13:05.000000000
1013,1015,1359,0 days 00:05:41.000000000
1008,1000,2192,0 days 00:09:13.000000000
1012,1002,2020,0 days 00:09:10.000000000
1047,1006,3228,0 days 00:13:02.000000000
1036,1004,5439,0 days 00:18:09.000000000
1008,1001,2100,0 days 00:08:28.000000000
1013,1006,1318,0 days 00:07:17.000000000
1049,1035,7256,0 days 00:27:41.000000000
1031,1041,3268,0 days 00:13:48.000000000
1006,1047,3003,0 days 00:10:46.000000000
1013,1010,1092,0 days 00:04:34.000000000
1015,1001,2279,0 days 00:08:51.000000000
1035,1017,4543,0 days 00:18:58.000000000
1016,1015,2302,0 days 00:09:57.000000000
1011,1016,2379,0 days 00:10:33.000000000
1019,1017,2913,0 days 00:10:31.000000000
1030,1024,665,0 days 00:02:57.000000000
1022,1028,3382,0 days 00:14:19.000000000
1049,1006,1965,0 days 00:08:52.000000000
1037,1016,6046,0 days 00:24:20.000000000
1002,1012,1977,0 days 00:08:28.000000000
1021,1034,2143,0 days 00:08:34.000000000
1013,1046,8540,0 days 00:26:34.000000000
1012,1008,2760,0 days 00:15:46.000000000
1008,1048,3331,0 days 00:12:13.000000000
1020,1037,4146,0 days 00:16:43.000000000
1013,1012,922,0 days 00:03:40.000000000
1000,1012,1531,0 days 00:07:25.000000000
1020,1036,3953,0 days 00:16:22.000000000
1007,1047,2361,0 days 00:07:10.000000000
1047,1016,4777,0 days 00:19:02.000000000
1017,1016,411,0 days 00:01:33.000000000
1006,1006,0,0 days 00:00:00.000000000
1005,1006,362,0 days 00:02:55.000000000
1029,1020,3246,0 days 00:14:04.000000000
1045,1000,5849,0 days 00:18:06.000000000
1036,1035,777,0 days 00:03:51.000000000
1036,1040,767,0 days 00:04:11.000000000
1011,1017,2788,0 days 00:11:34.000000000
1037,1037,0,0 days 00:00:00.000000000
1047,1041,2796,0 days 00:13:44.000000000
1014,1012,1324,0 days 00:06:10.000000000
1007,1004,1476,0 days 00:06:57.000000000
1040,1021,2711,0 days 00:11:14.000000000
1000,1038,5615,0 days 00:25:24.000000000
1000,1045,5884,0 days 00:18:59.000000000
1034,1034,0,0 days 00:00:00.000000000
1012,1007,3268,0 days 00:15:09.000000000
1041,1034,1854,0 days 00:07:40.000000000
1001,1045,5752,0 days 00:18:28.000000000
1010,1049,3288,0 days 00:13:24.000000000
1021,1020,701,0 days 00:03:17.000000000
1039,1048,3712,0 days 00:13:34.000000000
1043,1036,1216,0 days 00:04:38.000000000
1045,1015,7688,0 days 00:26:46.000000000
1025,1020,1828,0 days 00:05:55.000000000
1016,1016,0,0 days 00:00:00.000000000
1016,1048,8001,0 days 00:24:29.000000000
1000,1010,1011,0 days 00:05:00.000000000
1018,1016,2678,0 days 00:09:25.000000000
1023,1007,5255,0 days 00:24:15.000000000
1003,1018,4752,0 days 00:19:00.000000000
1036,1043,1168,0 days 00:04:25.000000000
1019,1028,5349,0 days 00:24:54.000000000
1031,1047,7530,0 days 00:24:47.000000000
1013,1002,1116,0 days 00:05:31.000000000
1004,1003,464,0 days 00:02:33.000000000
1033,1041,3185,0 days 00:13:04.000000000
1023,1041,2835,0 days 00:12:17.000000000
1017,1006,1966,0 days 00:08:33.000000000
1040,1043,1437,0 days 00:05:26.000000000
1043,1039,976,0 days 00:03:41.000000000
1041,1037,998,0 days 00:05:09.000000000
1006,1016,1588,0 days 00:06:19.000000000
1015,1000,2066,0 days 00:08:07.000000000
1011,1018,5004,0 days 00:21:05.000000000
1049,1048,673,0 days 00:02:49.000000000
1048,1003,3280,0 days 00:10:52.000000000
1023,1021,1203,0 days 00:05:22.000000000
1037,1032,3290,0 days 00:11:59.000000000
1028,1037,4470,0 days 00:16:50.000000000
1022,1049,8679,0 days 00:28:56.000000000
1005,1001,566,0 days 00:01:22.000000000
1023,1028,2742,0 days 00:11:52.000000000
1047,1039,3298,0 days 00:15:15.000000000
1010,1008,1319,0 days 00:08:43.000000000
1007,1018,5171,0 days 00:21:12.000000000
1003,1023,6969,0 days 00:30:27.000000000
1041,1006,3634,0 days 00:12:00.000000000
1037,1028,4470,0 days 00:17:35.000000000
1008,1010,1374,0 days 00:07:26.000000000
1039,1024,4140,0 days 00:17:30.000000000
1001,1005,689,0 days 00:03:16.000000000
1025,1021,1827,0 days 00:06:58.000000000
1025,1037,3699,0 days 00:14:52.000000000
1028,1024,2536,0 days 00:09:24.000000000
1021,1007,5748,0 days 00:25:55.000000000
1031,1034,1711,0 days 00:06:32.000000000
1000,1009,1250,0 days 00:05:57.000000000
1043,1018,5603,0 days 00:22:03.000000000
1020,1011,5673,0 days 00:20:37.000000000
1036,1026,4230,0 days 00:16:53.000000000
1026,1034,2685,0 days 00:09:46.000000000
1004,1016,2117,0 days 00:09:40.000000000
1037,1021,3286,0 days 00:14:34.000000000
1038,1003,4994,0 days 00:17:57.000000000
1017,1027,6578,0 days 00:30:22.000000000
1020,1016,3470,0 days 00:11:39.000000000
1016,1000,1935,0 days 00:08:13.000000000
1048,1031,8264,0 days 00:30:25.000000000
1018,1040,4459,0 days 00:22:08.000000000
1039,1017,7013,0 days 00:24:45.000000000
1047,1046,455,0 days 00:03:15.000000000
1022,1031,1777,0 days 00:07:58.000000000
1030,1017,5670,0 days 00:20:19.000000000
1021,1000,5670,0 days 00:20:28.000000000
1022,1030,1626,0 days 00:05:57.000000000
1031,1036,3117,0 days 00:12:29.000000000
1030,1022,1636,0 days 00:07:05.000000000
1028,1022,3382,0 days 00:14:16.000000000
1041,1043,987,0 days 00:03:33.000000000
1023,1024,599,0 days 00:02:30.000000000
1024,1005,7277,0 days 00:26:58.000000000
1045,1036,5599,0 days 00:21:32.000000000
1050,1009,2766,0 days 00:09:19.000000000
1032,1033,619,0 days 00:02:39.000000000
1015,1007,3579,0 days 00:15:35.000000000
1000,1021,5673,0 days 00:26:33.000000000
1005,1048,3838,0 days 00:12:36.000000000
1020,1022,1228,0 days 00:05:56.000000000
1039,1029,4510,0 days 00:17:41.000000000
1024,1020,2318,0 days 00:09:04.000000000
1020,1025,1828,0 days 00:07:31.000000000
1029,1031,661,0 days 00:02:35.000000000
1031,1029,661,0 days 00:03:09.000000000
1024,1041,3328,0 days 00:14:44.000000000
1003,1050,4136,0 days 00:15:19.000000000
1035,1036,821,0 days 00:03:59.000000000
1016,1018,2677,0 days 00:11:13.000000000
1003,1037,8439,0 days 00:30:36.000000000
1041,1007,2860,0 days 00:10:06.000000000
1021,1024,1981,0 days 00:06:28.000000000
1023,1029,1720,0 days 00:06:46.000000000
1009,1018,3381,0 days 00:13:11.000000000
1035,1024,2561,0 days 00:11:00.000000000
1033,1024,934,0 days 00:05:19.000000000
1027,1048,9115,0 days 00:29:04.000000000
1025,1025,0,0 days 00:00:00.000000000
1024,1028,2654,0 days 00:10:25.000000000
1024,1044,4341,0 days 00:17:31.000000000
1030,1030,0,0 days 00:00:00.000000000
1031,1016,5902,0 days 00:21:37.000000000
1025,1018,2783,0 days 00:08:39.000000000
1020,1031,2950,0 days 00:11:59.000000000
1044,1039,543,0 days 00:03:00.000000000
1041,1032,3864,0 days 00:14:23.000000000
1030,1034,2266,0 days 00:08:29.000000000
1044,1044,0,0 days 00:00:00.000000000
1049,1014,6301,0 days 00:23:58.000000000
1006,1007,940,0 days 00:04:28.000000000
1020,1041,3882,0 days 00:16:46.000000000
1014,1011,2151,0 days 00:07:01.000000000
1034,1030,2390,0 days 00:09:00.000000000
1033,1035,2072,0 days 00:08:12.000000000
1046,1049,1446,0 days 00:05:35.000000000
1031,1020,2908,0 days 00:13:20.000000000
1019,1000,5084,0 days 00:18:49.000000000
1001,1015,2059,0 days 00:09:14.000000000
1028,1015,9955,0 days 00:37:32.000000000
1035,1022,1968,0 days 00:09:39.000000000
1030,1023,996,0 days 00:03:43.000000000
1015,1014,1053,0 days 00:05:11.000000000
1023,1034,1536,0 days 00:06:14.000000000
1017,1009,1027,0 days 00:03:38.000000000
1022,1004,6484,0 days 00:23:05.000000000
1003,1048,3555,0 days 00:13:28.000000000
1001,1049,3068,0 days 00:11:37.000000000
1003,1016,2126,0 days 00:08:29.000000000
1002,1010,1212,0 days 00:05:20.000000000
1025,1040,3432,0 days 00:13:53.000000000
1033,1032,467,0 days 00:02:20.000000000
1035,1038,2293,0 days 00:09:03.000000000
1010,1002,1119,0 days 00:04:33.000000000
1017,1011,2612,0 days 00:10:35.000000000
1038,1034,2204,0 days 00:09:52.000000000
1034,1028,3537,0 days 00:12:20.000000000
1001,1006,918,0 days 00:04:28.000000000
1003,1021,5794,0 days 00:26:25.000000000
1028,1031,1826,0 days 00:06:09.000000000
1027,1020,3710,0 days 00:15:20.000000000
1029,1026,540,0 days 00:03:01.000000000
1026,1028,1984,0 days 00:07:32.000000000
1022,1021,563,0 days 00:02:00.000000000
1002,1045,5685,0 days 00:18:23.000000000
1033,1018,3767,0 days 00:14:51.000000000
1024,1050,3297,0 days 00:11:42.000000000
1011,1021,6046,0 days 00:28:30.000000000
1024,1014,8737,0 days 00:32:44.000000000
1050,1019,1310,0 days 00:06:04.000000000
1021,1023,1277,0 days 00:05:11.000000000
1021,1037,3567,0 days 00:14:07.000000000
1050,1020,1468,0 days 00:10:23.000000000
1020,1027,3202,0 days 00:14:17.000000000
1006,1049,1960,0 days 00:08:24.000000000
1033,1021,2257,0 days 00:10:14.000000000
1040,1026,3862,0 days 00:14:25.000000000
1050,1002,4081,0 days 00:14:57.000000000
1003,1025,7274,0 days 00:31:29.000000000
1032,1019,3903,0 days 00:15:54.000000000
1041,1020,3865,0 days 00:16:44.000000000
1002,1049,2987,0 days 00:11:26.000000000
1003,1002,328,0 days 00:01:15.000000000
1005,1003,398,0 days 00:01:22.000000000
1040,1045,3314,0 days 00:13:11.000000000
1007,1017,2955,0 days 00:11:43.000000000
1041,1046,3230,0 days 00:12:20.000000000
1035,1025,3543,0 days 00:15:49.000000000
1041,1010,4271,0 days 00:15:37.000000000
1011,1049,5490,0 days 00:18:52.000000000
1025,1029,1256,0 days 00:05:15.000000000
1021,1043,4172,0 days 00:16:23.000000000
1025,1022,1677,0 days 00:06:10.000000000
1023,1025,1379,0 days 00:07:10.000000000
1021,1041,3302,0 days 00:14:10.000000000
1018,1015,4893,0 days 00:18:31.000000000
1049,1046,1727,0 days 00:06:17.000000000
1048,1036,7180,0 days 00:26:22.000000000
1004,1019,5301,0 days 00:22:10.000000000
1029,1023,1635,0 days 00:06:54.000000000
1023,1017,4674,0 days 00:16:37.000000000
1041,1004,5257,0 days 00:17:17.000000000
1016,1003,2039,0 days 00:08:42.000000000
1014,1018,6080,0 days 00:22:01.000000000
1049,1016,4327,0 days 00:16:44.000000000
1046,1001,6232,0 days 00:19:16.000000000
1041,1017,5593,0 days 00:19:03.000000000
1047,1045,800,0 days 00:04:13.000000000
1008,1018,4912,0 days 00:20:21.000000000
1001,1017,2445,0 days 00:09:40.000000000
1009,1005,970,0 days 00:05:11.000000000
1019,1003,5188,0 days 00:19:19.000000000
1015,1017,3454,0 days 00:12:29.000000000
1050,1049,6348,0 days 00:23:45.000000000
1009,1004,1509,0 days 00:06:53.000000000
1017,1014,3457,0 days 00:14:34.000000000
1016,1009,704,0 days 00:02:52.000000000
1049,1018,6953,0 days 00:27:16.000000000
1018,1000,4526,0 days 00:16:47.000000000
1044,1001,5336,0 days 00:17:49.000000000
1023,1016,4764,0 days 00:16:03.000000000
1033,1036,3034,0 days 00:11:44.000000000
1022,1022,0,0 days 00:00:00.000000000
1017,1013,2541,0 days 00:08:19.000000000
1013,1011,891,0 days 00:03:44.000000000
1016,1002,2020,0 days 00:08:30.000000000
1012,1045,7828,0 days 00:25:17.000000000
1016,1037,7184,0 days 00:31:35.000000000
1004,1013,1721,0 days 00:07:53.000000000
1018,1013,4755,0 days 00:17:00.000000000
1036,1031,3117,0 days 00:12:14.000000000
1017,1022,3950,0 days 00:19:12.000000000
1022,1033,1730,0 days 00:07:50.000000000
1027,1034,2562,0 days 00:08:51.000000000
1013,1017,2615,0 days 00:09:44.000000000
1012,1035,9045,0 days 00:37:09.000000000
1034,1010,6882,0 days 00:24:59.000000000
1034,1031,1711,0 days 00:06:01.000000000
1002,1001,487,0 days 00:01:26.000000000
1001,1002,383,0 days 00:01:02.000000000
1025,1011,7402,0 days 00:25:36.000000000
1045,1021,6984,0 days 00:28:32.000000000
1034,1036,1488,0 days 00:07:13.000000000
1019,1013,6199,0 days 00:18:39.000000000
1006,1001,1348,0 days 00:04:47.000000000
1045,1033,6636,0 days 00:25:27.000000000
1044,1000,5319,0 days 00:17:40.000000000
1011,1007,2361,0 days 00:11:09.000000000
1025,1041,3948,0 days 00:16:30.000000000
1024,1033,881,0 days 00:05:09.000000000
1013,1009,1450,0 days 00:06:05.000000000
1018,1011,4880,0 days 00:18:22.000000000
1036,1017,5457,0 days 00:22:19.000000000
1032,1037,3118,0 days 00:11:55.000000000
1017,1007,2960,0 days 00:13:14.000000000
1040,1017,4869,0 days 00:19:20.000000000
1041,1045,2864,0 days 00:11:18.000000000
1021,1021,0,0 days 00:00:00.000000000
1012,1013,922,0 days 00:03:44.000000000
1001,1038,5483,0 days 00:24:54.000000000
1037,1041,1023,0 days 00:05:16.000000000
1009,1011,1585,0 days 00:06:56.000000000
1039,1000,5597,0 days 00:18:22.000000000
1013,1008,1855,0 days 00:12:07.000000000
1013,1018,4755,0 days 00:17:32.000000000
1042,1049,3433,0 days 00:11:37.000000000
1029,1041,3826,0 days 00:15:42.000000000
1004,1036,5254,0 days 00:23:10.000000000
1036,1011,7108,0 days 00:26:20.000000000
1017,1040,4776,0 days 00:25:17.000000000
1019,1030,3226,0 days 00:17:14.000000000
1006,1023,6431,0 days 00:28:17.000000000
1008,1008,0,0 days 00:00:00.000000000
1047,1031,8795,0 days 00:31:52.000000000
1021,1033,2368,0 days 00:10:33.000000000
1044,1031,4275,0 days 00:17:42.000000000
1045,1032,7211,0 days 00:27:05.000000000
1006,1045,5314,0 days 00:16:56.000000000
1045,1006,3846,0 days 00:13:51.000000000
1021,1001,5879,0 days 00:21:23.000000000
1043,1047,2629,0 days 00:09:05.000000000
1020,1005,5058,0 days 00:18:51.000000000
1015,1012,2316,0 days 00:08:57.000000000
1024,1022,1190,0 days 00:05:09.000000000
1017,1050,1757,0 days 00:06:32.000000000
1009,1020,4098,0 days 00:19:29.000000000
1037,1035,1130,0 days 00:05:22.000000000
1030,1035,2710,0 days 00:10:54.000000000
1045,1017,7264,0 days 00:24:30.000000000
1003,1005,429,0 days 00:02:51.000000000
1049,1011,3734,0 days 00:15:19.000000000
1045,1039,2303,0 days 00:13:43.000000000
1034,1027,2562,0 days 00:09:13.000000000
1050,1033,3837,0 days 00:19:55.000000000
1033,1046,6966,0 days 00:22:07.000000000
1016,1004,2213,0 days 00:09:46.000000000
1019,1005,4824,0 days 00:18:39.000000000
1022,1016,4125,0 days 00:12:41.000000000
1021,1026,2560,0 days 00:09:27.000000000
1005,1019,5161,0 days 00:20:02.000000000
1016,1019,3235,0 days 00:13:12.000000000
1004,1000,1111,0 days 00:04:19.000000000
1037,1040,1120,0 days 00:05:42.000000000
1010,1023,5948,0 days 00:26:31.000000000
1004,1032,9928,0 days 00:35:17.000000000
1031,1038,3937,0 days 00:15:35.000000000
1039,1022,3373,0 days 00:15:16.000000000
1010,1038,5722,0 days 00:26:44.000000000
1000,1005,832,0 days 00:03:45.000000000
1008,1003,1534,0 days 00:07:25.000000000
1024,1038,4180,0 days 00:17:04.000000000
1039,1043,769,0 days 00:02:32.000000000
1050,1018,752,0 days 00:04:05.000000000
1010,1022,5308,0 days 00:24:03.000000000
1024,1025,817,0 days 00:04:25.000000000
1025,1012,8050,0 days 00:27:12.000000000
1039,1045,2131,0 days 00:08:40.000000000
1022,1026,1972,0 days 00:08:20.000000000
1038,1001,5648,0 days 00:19:25.000000000
1045,1041,2778,0 days 00:15:53.000000000
1018,1010,3645,0 days 00:13:04.000000000
1049,1010,3279,0 days 00:13:15.000000000
1036,1021,3299,0 days 00:14:13.000000000
1006,1018,4214,0 days 00:16:51.000000000
1018,1020,1228,0 days 00:09:31.000000000
1024,1008,5478,0 days 00:25:13.000000000
1016,1012,2990,0 days 00:10:31.000000000
1025,1035,3197,0 days 00:12:48.000000000
1048,1005,3985,0 days 00:14:27.000000000
1031,1028,1875,0 days 00:07:15.000000000
1048,1029,8876,0 days 00:32:37.000000000
1046,1016,4989,0 days 00:18:43.000000000
1023,1045,6507,0 days 00:21:32.000000000
1031,1019,3547,0 days 00:14:55.000000000
1048,1013,4643,0 days 00:16:37.000000000
1038,1044,537,0 days 00:02:15.000000000
1040,1025,3799,0 days 00:15:43.000000000
1010,1024,6737,0 days 00:28:14.000000000
1016,1046,7172,0 days 00:25:31.000000000
1036,1029,3729,0 days 00:14:26.000000000
1000,1049,3187,0 days 00:12:02.000000000
1005,1004,572,0 days 00:02:25.000000000
1045,1001,5865,0 days 00:18:15.000000000
1029,1017,6339,0 days 00:23:17.000000000
1018,1012,5528,0 days 00:19:59.000000000
1049,1041,3788,0 days 00:15:53.000000000
1047,1017,5187,0 days 00:20:05.000000000
1001,1019,5220,0 days 00:21:09.000000000
1022,1035,2015,0 days 00:08:20.000000000
1042,1008,1259,0 days 00:04:13.000000000
1046,1036,5965,0 days 00:22:33.000000000
1021,1029,2789,0 days 00:11:21.000000000
1008,1042,1145,0 days 00:07:15.000000000
1045,1031,6683,0 days 00:25:35.000000000
1030,1021,2199,0 days 00:09:05.000000000
1032,1041,3624,0 days 00:14:45.000000000
1020,1013,6958,0 days 00:20:39.000000000
1033,1010,7019,0 days 00:26:03.000000000
1042,1040,2971,0 days 00:12:41.000000000
1041,1031,3335,0 days 00:12:53.000000000
1017,1049,4609,0 days 00:18:04.000000000
1011,1012,1872,0 days 00:08:26.000000000
1012,1018,5528,0 days 00:20:37.000000000
1043,1000,5924,0 days 00:19:14.000000000
1000,1002,526,0 days 00:01:31.000000000
1010,1011,1291,0 days 00:06:16.000000000
1008,1015,3279,0 days 00:14:25.000000000
1032,1003,10191,0 days 00:33:19.000000000
1039,1006,5062,0 days 00:18:08.000000000
1046,1047,455,0 days 00:01:51.000000000
1022,1018,2073,0 days 00:06:37.000000000
1006,1003,783,0 days 00:03:37.000000000
1040,1029,3361,0 days 00:11:59.000000000
1010,1006,646,0 days 00:03:54.000000000
1050,1004,4274,0 days 00:16:12.000000000
1015,1047,8002,0 days 00:26:21.000000000
1004,1050,4127,0 days 00:16:30.000000000
1021,1018,1537,0 days 00:05:32.000000000
1042,1041,2777,0 days 00:12:31.000000000
1022,1000,6206,0 days 00:21:33.000000000
1019,1006,4793,0 days 00:18:23.000000000
1030,1018,3709,0 days 00:13:42.000000000
1014,1019,6638,0 days 00:24:00.000000000
1016,1049,4286,0 days 00:17:18.000000000
1041,1048,3338,0 days 00:09:55.000000000
1027,1026,1004,0 days 00:04:16.000000000
1024,1032,1250,0 days 00:05:46.000000000
1010,1026,6967,0 days 00:30:13.000000000
1011,1013,1141,0 days 00:06:01.000000000
1026,1038,4911,0 days 00:18:50.000000000
1038,1002,5158,0 days 00:17:54.000000000
1019,1010,4203,0 days 00:15:06.000000000
1050,1003,4100,0 days 00:15:09.000000000
1005,1007,948,0 days 00:04:44.000000000
1003,1006,785,0 days 00:04:24.000000000
1002,1047,4712,0 days 00:15:36.000000000
1043,1008,3305,0 days 00:12:56.000000000
1050,1001,4205,0 days 00:15:35.000000000
1001,1032,10904,0 days 00:39:18.000000000
1041,1011,5091,0 days 00:18:34.000000000
1027,1040,3602,0 days 00:13:30.000000000
1033,1039,4069,0 days 00:16:23.000000000
1022,1029,2310,0 days 00:08:58.000000000
1036,1001,6529,0 days 00:22:01.000000000
1002,1039,5606,0 days 00:24:23.000000000
1039,1020,4428,0 days 00:19:19.000000000
1020,1004,5596,0 days 00:20:33.000000000
1047,1037,7356,0 days 00:26:18.000000000
1029,1022,2305,0 days 00:10:03.000000000
1020,1010,4437,0 days 00:15:18.000000000
1029,1013,8741,0 days 00:31:49.000000000
1031,1022,1777,0 days 00:08:56.000000000
1037,1004,5792,0 days 00:19:40.000000000
1024,1034,1954,0 days 00:08:01.000000000
1010,1012,1929,0 days 00:08:10.000000000
1012,1016,2970,0 days 00:11:13.000000000
1022,1041,2740,0 days 00:12:15.000000000
1015,1035,9264,0 days 00:38:10.000000000
1044,1037,1481,0 days 00:07:30.000000000
1009,1047,7879,0 days 00:24:03.000000000
1016,1011,2289,0 days 00:09:49.000000000
1022,1013,6436,0 days 00:21:46.000000000
1010,1021,4772,0 days 00:22:30.000000000
1049,1000,3003,0 days 00:10:59.000000000
1045,1004,4776,0 days 00:14:23.000000000
1004,1005,458,0 days 00:03:19.000000000
1015,1046,9418,0 days 00:30:31.000000000
1019,1012,6971,0 days 00:21:37.000000000
1013,1048,6593,0 days 00:20:53.000000000
1007,1016,2545,0 days 00:10:40.000000000
1012,1019,6086,0 days 00:22:36.000000000
1019,1011,7096,0 days 00:22:29.000000000
1004,1035,7836,0 days 00:28:37.000000000
1046,1006,3440,0 days 00:12:43.000000000
1037,1020,3854,0 days 00:16:57.000000000
1049,1002,2529,0 days 00:09:31.000000000
1022,1039,3589,0 days 00:15:26.000000000
1040,1033,2702,0 days 00:09:37.000000000
1026,1000,7762,0 days 00:28:22.000000000
1011,1001,888,0 days 00:04:34.000000000
1031,1035,2155,0 days 00:08:57.000000000
1004,1012,2247,0 days 00:10:10.000000000
1004,1033,9352,0 days 00:33:38.000000000
1000,1014,2869,0 days 00:13:15.000000000
1006,1013,1356,0 days 00:05:56.000000000
1041,1028,5161,0 days 00:19:11.000000000
1005,1012,2148,0 days 00:08:52.000000000
1023,1043,3704,0 days 00:14:30.000000000
1010,1014,2823,0 days 00:12:31.000000000
1013,1049,5676,0 days 00:19:28.000000000
1000,1026,7868,0 days 00:34:16.000000000
1012,1030,8732,0 days 00:35:32.000000000
1046,1044,2216,0 days 00:12:51.000000000
1030,1013,8072,0 days 00:28:51.000000000
1040,1008,4231,0 days 00:18:36.000000000
1023,1032,1494,0 days 00:07:00.000000000
1010,1020,4447,0 days 00:21:23.000000000
1002,1036,6164,0 days 00:27:06.000000000
1025,1032,1783,0 days 00:06:26.000000000
1014,1010,2286,0 days 00:07:54.000000000
1028,1017,7417,0 days 00:27:30.000000000
1048,1006,2413,0 days 00:09:14.000000000
1048,1016,5376,0 days 00:18:50.000000000
1035,1034,608,0 days 00:02:57.000000000
1026,1026,0,0 days 00:00:00.000000000
1045,1046,380,0 days 00:01:04.000000000
1011,1002,1113,0 days 00:05:10.000000000
1017,1002,2342,0 days 00:09:16.000000000
1004,1006,538,0 days 00:03:30.000000000
1026,1022,2121,0 days 00:08:29.000000000
1014,1017,3809,0 days 00:13:04.000000000
1019,1021,1255,0 days 00:10:20.000000000
1038,1006,5096,0 days 00:19:02.000000000
1047,1043,2320,0 days 00:11:43.000000000
1007,1040,4506,0 days 00:23:05.000000000
1016,1050,2061,0 days 00:07:31.000000000
1043,1043,0,0 days 00:00:00.000000000
1036,1027,3968,0 days 00:15:25.000000000
1015,1003,2980,0 days 00:11:50.000000000
1012,1031,8883,0 days 00:37:34.000000000
1050,1039,5621,0 days 00:26:44.000000000
1008,1019,5471,0 days 00:22:20.000000000
1040,1001,6797,0 days 00:23:02.000000000
1016,1031,6032,0 days 00:28:10.000000000
1008,1005,1145,0 days 00:06:09.000000000
1020,1018,1053,0 days 00:03:39.000000000
1047,1008,3135,0 days 00:13:30.000000000
1008,1011,2195,0 days 00:10:23.000000000
1049,1050,6338,0 days 00:23:34.000000000
1012,1014,1749,0 days 00:08:34.000000000
1048,1041,3434,0 days 00:15:32.000000000
1049,1015,4819,0 days 00:19:23.000000000
1022,1001,6414,0 days 00:22:28.000000000
1044,1042,2627,0 days 00:15:02.000000000
1045,1012,7828,0 days 00:25:07.000000000
1025,1017,4876,0 days 00:15:42.000000000
1009,1007,1934,0 days 00:09:35.000000000
1004,1015,2946,0 days 00:12:44.000000000
1010,1047,7547,0 days 00:22:54.000000000
1029,1030,684,0 days 00:03:36.000000000
1006,1022,5792,0 days 00:25:49.000000000
1046,1004,5142,0 days 00:15:24.000000000
1028,1010,8707,0 days 00:32:05.000000000
1044,1049,4035,0 days 00:15:30.000000000
1021,1016,3589,0 days 00:11:37.000000000
1020,1002,5403,0 days 00:19:18.000000000
1044,1006,4784,0 days 00:17:27.000000000
1004,1044,4243,0 days 00:18:33.000000000
1042,1004,2240,0 days 00:07:58.000000000
1015,1009,2289,0 days 00:08:50.000000000
1033,1016,5819,0 days 00:20:55.000000000
1017,1008,2639,0 days 00:13:23.000000000
1012,1005,2384,0 days 00:11:34.000000000
1029,1039,4710,0 days 00:19:02.000000000
1008,1004,1290,0 days 00:06:10.000000000
1003,1011,1533,0 days 00:07:03.000000000
1012,1009,2222,0 days 00:09:10.000000000
1012,1010,1864,0 days 00:07:39.000000000
1037,1039,1387,0 days 00:06:09.000000000
1028,1040,4356,0 days 00:16:28.000000000
1032,1027,835,0 days 00:03:27.000000000
1016,1017,534,0 days 00:02:25.000000000
1034,1018,3630,0 days 00:13:46.000000000
1040,1000,6781,0 days 00:22:53.000000000
1019,1047,11662,0 days 00:35:48.000000000
1014,1049,6197,0 days 00:21:35.000000000
1017,1035,4537,0 days 00:24:04.000000000
1050,1000,3996,0 days 00:14:40.000000000
1035,1002,8443,0 days 00:25:39.000000000
1012,1015,2188,0 days 00:09:08.000000000
1018,1009,3295,0 days 00:11:26.000000000
1014,1020,6796,0 days 00:28:19.000000000
1002,1006,1125,0 days 00:05:02.000000000
1012,1017,3387,0 days 00:12:50.000000000
1018,1029,4327,0 days 00:21:13.000000000
1012,1047,6778,0 days 00:22:09.000000000
1037,1010,5254,0 days 00:20:52.000000000
1038,1047,3012,0 days 00:12:31.000000000
1020,1001,5526,0 days 00:19:56.000000000
1049,1013,3594,0 days 00:14:31.000000000
1026,1019,3274,0 days 00:12:31.000000000
1044,1048,3434,0 days 00:12:53.000000000
1043,1048,3102,0 days 00:10:23.000000000
1048,1043,2957,0 days 00:13:31.000000000
1039,1031,3898,0 days 00:15:28.000000000
1010,1046,6357,0 days 00:21:20.000000000
1042,1000,3142,0 days 00:11:01.000000000
1049,1019,7512,0 days 00:29:15.000000000
1010,1005,809,0 days 00:04:27.000000000
1017,1012,3313,0 days 00:11:17.000000000
1018,1026,3749,0 days 00:18:20.000000000
1044,1010,5595,0 days 00:20:02.000000000
1003,1038,4985,0 days 00:23:15.000000000
1033,1045,6600,0 days 00:21:06.000000000
1000,1011,703,0 days 00:04:46.000000000
1012,1049,5330,0 days 00:19:13.000000000
1034,1029,2323,0 days 00:08:14.000000000
1000,1050,4016,0 days 00:15:26.000000000
1005,1013,1243,0 days 00:05:18.000000000
1027,1033,1453,0 days 00:05:20.000000000
1043,1035,1700,0 days 00:07:23.000000000
1027,1008,7043,0 days 00:28:49.000000000
1014,1013,1394,0 days 00:04:34.000000000
1032,1040,3108,0 days 00:12:08.000000000
1035,1045,5126,0 days 00:15:10.000000000
1038,1049,4347,0 days 00:17:05.000000000
1049,1012,5291,0 days 00:19:14.000000000
1033,1025,1751,0 days 00:09:44.000000000
1015,1048,7471,0 days 00:24:51.000000000
1035,1037,1173,0 days 00:05:44.000000000
1000,1004,1109,0 days 00:04:32.000000000
1022,1006,5915,0 days 00:21:07.000000000
1025,1034,2649,0 days 00:10:26.000000000
1016,1024,5684,0 days 00:24:22.000000000
1035,1049,4784,0 days 00:15:33.000000000
1006,1011,1496,0 days 00:06:45.000000000
1043,1007,2624,0 days 00:10:34.000000000
1038,1048,3746,0 days 00:14:28.000000000
1000,1006,939,0 days 00:04:35.000000000
1006,1002,860,0 days 00:03:21.000000000
1005,1008,922,0 days 00:07:17.000000000
1003,1041,5649,0 days 00:25:00.000000000
1033,1031,755,0 days 00:03:11.000000000
1001,1011,975,0 days 00:05:10.000000000
1002,1005,769,0 days 00:03:30.000000000
1035,1027,3169,0 days 00:12:10.000000000
1026,1018,3497,0 days 00:13:00.000000000
1026,1030,609,0 days 00:02:46.000000000
1028,1033,1867,0 days 00:07:00.000000000
1037,1050,4831,0 days 00:19:06.000000000
1022,1037,3005,0 days 00:12:11.000000000
1015,1006,2585,0 days 00:10:55.000000000
1029,1036,3675,0 days 00:14:23.000000000
1033,1023,1054,0 days 00:04:52.000000000
1006,1015,2581,0 days 00:10:47.000000000
1004,1011,1862,0 days 00:08:40.000000000
1002,1019,5391,0 days 00:21:27.000000000
1037,1045,3399,0 days 00:13:41.000000000
1040,1003,4622,0 days 00:15:25.000000000
1049,1039,4440,0 days 00:20:59.000000000
1004,1039,4696,0 days 00:20:27.000000000
1040,1027,3600,0 days 00:12:57.000000000
1007,1049,3529,0 days 00:11:27.000000000
1005,1000,1056,0 days 00:03:10.000000000
1022,1008,4916,0 days 00:22:31.000000000
1022,1027,2628,0 days 00:11:09.000000000
1008,1009,1531,0 days 00:07:10.000000000
1027,1022,2628,0 days 00:11:16.000000000
1003,1044,4721,0 days 00:20:56.000000000
1015,1023,7964,0 days 00:33:05.000000000
1010,1048,7016,0 days 00:21:23.000000000
1046,1012,7233,0 days 00:23:44.000000000
1041,1005,3759,0 days 00:12:20.000000000
1048,1011,6407,0 days 00:21:36.000000000
1041,1027,4186,0 days 00:16:04.000000000
1016,1013,2218,0 days 00:07:33.000000000
1043,1034,1778,0 days 00:07:40.000000000
1010,1028,8690,0 days 00:38:23.000000000
1016,1006,1644,0 days 00:07:47.000000000
1044,1019,5444,0 days 00:23:09.000000000
1035,1006,4385,0 days 00:14:39.000000000
1037,1017,6758,0 days 00:25:48.000000000
1029,1034,2269,0 days 00:08:26.000000000
1025,1007,7751,0 days 00:28:15.000000000
1010,1039,5912,0 days 00:26:19.000000000
1031,1030,1158,0 days 00:05:17.000000000
1021,1025,1929,0 days 00:07:04.000000000
1037,1000,6865,0 days 00:23:23.000000000
1013,1029,8571,0 days 00:35:33.000000000
1001,1046,6118,0 days 00:19:30.000000000
1026,1039,5125,0 days 00:20:22.000000000
1039,1033,3851,0 days 00:15:20.000000000
1004,1002,639,0 days 00:02:47.000000000
1003,1017,2567,0 days 00:09:31.000000000
1008,1041,3922,0 days 00:19:45.000000000
1029,1019,4075,0 days 00:16:02.000000000
1019,1025,2611,0 days 00:14:26.000000000
1006,1036,5323,0 days 00:26:46.000000000
1043,1004,4851,0 days 00:15:31.000000000
1043,1015,7763,0 days 00:27:53.000000000
1039,1047,2978,0 days 00:11:37.000000000
1033,1026,1535,0 days 00:06:53.000000000
1040,1016,5106,0 days 00:19:50.000000000
1026,1023,1531,0 days 00:06:00.000000000
1024,1027,1573,0 days 00:07:27.000000000
1003,1009,1371,0 days 00:05:50.000000000
1043,1024,3732,0 days 00:15:42.000000000
1026,1021,2684,0 days 00:10:29.000000000
1046,1039,2669,0 days 00:14:45.000000000
1015,1021,6788,0 days 00:29:03.000000000
1037,1033,2715,0 days 00:10:20.000000000
1005,1018,4602,0 days 00:18:03.000000000
1006,1010,676,0 days 00:03:56.000000000
1022,1003,6310,0 days 00:22:02.000000000
1017,1003,2361,0 days 00:09:28.000000000
1026,1025,714,0 days 00:04:21.000000000
1019,1020,806,0 days 00:08:15.000000000
1006,1041,4541,0 days 00:24:23.000000000
1030,1028,2128,0 days 00:07:57.000000000
1032,1001,10845,0 days 00:34:47.000000000
1021,1045,7059,0 days 00:23:21.000000000
1024,1016,5690,0 days 00:19:47.000000000
1019,1014,8371,0 days 00:27:39.000000000
1015,1004,3154,0 days 00:12:53.000000000
1043,1037,1569,0 days 00:06:23.000000000
1005,1014,3231,0 days 00:13:50.000000000
1011,1050,4389,0 days 00:17:23.000000000
1005,1046,5714,0 days 00:17:53.000000000
1036,1003,5875,0 days 00:20:34.000000000
1016,1023,4894,0 days 00:22:40.000000000
1007,1043,2428,0 days 00:10:37.000000000
1044,1005,4666,0 days 00:16:40.000000000
1005,1044,4815,0 days 00:20:58.000000000
1029,1025,1745,0 days 00:09:26.000000000
1016,1045,6805,0 days 00:24:30.000000000
1046,1043,2532,0 days 00:11:24.000000000
1026,1044,5255,0 days 00:19:50.000000000
1022,1009,4976,0 days 00:16:12.000000000
1032,1045,7039,0 days 00:22:47.000000000
1034,1026,2824,0 days 00:10:41.000000000
1027,1045,7534,0 days 00:24:10.000000000
1034,1004,7688,0 days 00:23:26.000000000
1045,1035,5119,0 days 00:20:25.000000000
1012,1003,2095,0 days 00:09:54.000000000
1015,1045,9052,0 days 00:29:29.000000000
1048,1020,9133,0 days 00:35:45.000000000
1015,1018,5746,0 days 00:21:38.000000000
1009,1013,1450,0 days 00:05:52.000000000
1026,1010,6881,0 days 00:24:38.000000000
1014,1041,8139,0 days 00:34:24.000000000
1032,1036,3474,0 days 00:13:26.000000000
1027,1017,6662,0 days 00:24:30.000000000
1035,1010,5022,0 days 00:18:16.000000000
1003,1033,9831,0 days 00:36:01.000000000
1036,1047,3496,0 days 00:12:20.000000000
1037,1047,3849,0 days 00:13:51.000000000
1009,1003,1335,0 days 00:05:50.000000000
1040,1037,1120,0 days 00:04:42.000000000
1023,1003,6950,0 days 00:25:24.000000000
1037,1043,1521,0 days 00:05:56.000000000
1024,1017,5366,0 days 00:18:51.000000000
1047,1015,8002,0 days 00:27:37.000000000
1028,1014,10788,0 days 00:41:23.000000000
1033,1050,3801,0 days 00:14:46.000000000
1040,1004,5708,0 days 00:19:10.000000000
1034,1045,4972,0 days 00:15:18.000000000
1005,1002,483,0 days 00:01:08.000000000
1038,1035,1975,0 days 00:08:54.000000000
1023,1010,5965,0 days 00:21:12.000000000
1017,1023,4590,0 days 00:21:40.000000000
1030,1036,3672,0 days 00:14:26.000000000
1005,1036,5827,0 days 00:25:35.000000000
1031,1024,722,0 days 00:04:20.000000000
1031,1012,8985,0 days 00:33:41.000000000
1023,1004,9224,0 days 00:29:40.000000000
1024,1012,8540,0 days 00:30:21.000000000
1031,1001,10489,0 days 00:33:50.000000000
1040,1047,3330,0 days 00:10:19.000000000
1048,1039,3884,0 days 00:18:33.000000000
1004,1023,9224,0 days 00:34:01.000000000
1003,1012,1937,0 days 00:08:34.000000000
1037,1030,3441,0 days 00:13:27.000000000
1045,1023,6507,0 days 00:25:49.000000000
1037,1031,2762,0 days 00:10:28.000000000
1013,1016,2197,0 days 00:08:08.000000000
1036,1005,5859,0 days 00:20:52.000000000
1015,1019,6305,0 days 00:23:37.000000000
1043,1013,6538,0 days 00:23:02.000000000
1010,1031,7085,0 days 00:32:01.000000000
1045,1010,6125,0 days 00:20:28.000000000
1001,1040,5595,0 days 00:28:45.000000000
1013,1043,6389,0 days 00:29:00.000000000
1020,1049,7670,0 days 00:28:06.000000000
1038,1010,5908,0 days 00:21:37.000000000
1022,1020,1131,0 days 00:04:23.000000000
1041,1023,2905,0 days 00:12:07.000000000
1036,1020,3867,0 days 00:16:36.000000000
1039,1049,4313,0 days 00:16:11.000000000
1004,1010,1388,0 days 00:06:31.000000000
1041,1042,3558,0 days 00:17:30.000000000
1035,1043,1748,0 days 00:07:11.000000000
1001,1026,7898,0 days 00:34:18.000000000
1046,1009,4234,0 days 00:16:04.000000000
1027,1005,10669,0 days 00:35:00.000000000
1006,1043,5218,0 days 00:22:59.000000000
1016,1014,3134,0 days 00:13:48.000000000
1038,1009,5882,0 days 00:21:58.000000000
1041,1003,4158,0 days 00:13:42.000000000
1034,1000,8761,0 days 00:27:09.000000000
1039,1034,1868,0 days 00:08:26.000000000
1000,1025,7153,0 days 00:31:37.000000000
1021,1028,4233,0 days 00:16:17.000000000
1023,1018,2713,0 days 00:09:59.000000000
1004,1014,3258,0 days 00:14:54.000000000
1030,1025,1482,0 days 00:07:23.000000000
1032,1005,10175,0 days 00:33:37.000000000
1022,1005,5946,0 days 00:21:22.000000000
1027,1000,11323,0 days 00:36:00.000000000
1010,1041,5241,0 days 00:28:29.000000000
1010,1043,5896,0 days 00:26:22.000000000
1040,1007,3324,0 days 00:11:49.000000000
1048,1050,7387,0 days 00:25:40.000000000
1035,1032,2847,0 days 00:10:29.000000000
1002,1046,6052,0 days 00:19:25.000000000
1032,1023,1494,0 days 00:06:33.000000000
1037,1026,3875,0 days 00:15:08.000000000
1025,1003,7152,0 days 00:24:30.000000000
1045,1034,4972,0 days 00:19:34.000000000
1033,1020,2825,0 days 00:12:37.000000000
1038,1023,3975,0 days 00:16:44.000000000
1023,1038,3761,0 days 00:15:18.000000000
1007,1050,4555,0 days 00:17:30.000000000
1045,1013,6463,0 days 00:21:55.000000000
1037,1049,5581,0 days 00:21:12.000000000
1013,1045,8174,0 days 00:25:32.000000000
1038,1022,3880,0 days 00:17:17.000000000
1001,1021,5703,0 days 00:26:35.000000000
1033,1019,3464,0 days 00:14:13.000000000
1035,1015,6928,0 days 00:25:15.000000000
1037,1019,4493,0 days 00:18:33.000000000
1021,1036,3374,0 days 00:13:47.000000000
1048,1040,3678,0 days 00:18:11.000000000
1041,1008,3541,0 days 00:12:28.000000000
1022,1038,4284,0 days 00:16:54.000000000
1034,1039,2633,0 days 00:11:23.000000000
1047,1036,3298,0 days 00:15:31.000000000
1020,1040,3365,0 days 00:14:09.000000000
1046,1000,6215,0 days 00:19:07.000000000
1024,1035,2397,0 days 00:10:26.000000000
1041,1001,6347,0 days 00:21:09.000000000
1035,1029,2931,0 days 00:11:11.000000000
1009,1019,3939,0 days 00:15:09.000000000
1037,1001,6882,0 days 00:23:32.000000000
1007,1012,3217,0 days 00:14:00.000000000
1019,1036,4527,0 days 00:22:57.000000000
1050,1048,10057,0 days 00:30:21.000000000
1050,1013,4226,0 days 00:14:54.000000000
1013,1050,4226,0 days 00:14:45.000000000
1007,1037,3758,0 days 00:16:10.000000000
1030,1010,6961,0 days 00:24:54.000000000
1027,1024,1602,0 days 00:06:22.000000000
1047,1013,5174,0 days 00:18:05.000000000
1037,1029,3374,0 days 00:12:41.000000000
1035,1018,3966,0 days 00:15:56.000000000
1013,1047,7124,0 days 00:22:24.000000000
1050,1011,4351,0 days 00:16:16.000000000
1006,1009,833,0 days 00:03:40.000000000
1034,1022,1632,0 days 00:07:29.000000000
1003,1046,5620,0 days 00:17:52.000000000
1004,1009,1362,0 days 00:07:01.000000000
1011,1014,2883,0 days 00:13:10.000000000
1048,1015,7471,0 days 00:26:09.000000000
1021,1015,6037,0 days 00:22:12.000000000
1024,1021,1753,0 days 00:07:10.000000000
1042,1011,3144,0 days 00:12:11.000000000
1006,1044,4781,0 days 00:21:02.000000000
1050,1038,6316,0 days 00:28:12.000000000
1005,1009,1221,0 days 00:04:53.000000000
1031,1039,4151,0 days 00:17:07.000000000
1002,1004,909,0 days 00:03:56.000000000
1018,1049,6877,0 days 00:25:51.000000000
1046,1010,4077,0 days 00:16:20.000000000
1019,1022,1791,0 days 00:11:53.000000000
1028,1030,2082,0 days 00:07:53.000000000
1021,1002,5755,0 days 00:20:44.000000000
1015,1041,7180,0 days 00:35:30.000000000
1040,1013,5416,0 days 00:19:27.000000000
1000,1003,939,0 days 00:03:27.000000000
1009,1021,4423,0 days 00:20:36.000000000
1041,1015,6176,0 days 00:22:36.000000000
1021,1013,5900,0 days 00:20:41.000000000
1035,1020,3023,0 days 00:13:43.000000000
1019,1023,2431,0 days 00:14:21.000000000
1037,1002,6392,0 days 00:22:01.000000000
1044,1013,5933,0 days 00:21:29.000000000
1008,1013,2054,0 days 00:09:34.000000000
1002,1013,1083,0 days 00:05:05.000000000
1031,1037,2762,0 days 00:10:58.000000000
1000,1044,5351,0 days 00:23:05.000000000
1009,1050,2766,0 days 00:09:29.000000000
1042,1019,4177,0 days 00:18:46.000000000
1048,1034,6553,0 days 00:24:23.000000000
1038,1046,2531,0 days 00:10:36.000000000
1039,1037,1132,0 days 00:05:27.000000000
1045,1037,5244,0 days 00:20:01.000000000
1039,1002,5124,0 days 00:17:00.000000000
1024,1031,637,0 days 00:03:49.000000000
1039,1016,6603,0 days 00:23:42.000000000
1016,1039,6726,0 days 00:30:30.000000000
1009,1049,3582,0 days 00:14:25.000000000
1017,1034,5456,0 days 00:25:03.000000000
1011,1045,7988,0 days 00:24:56.000000000
1038,1012,6767,0 days 00:25:07.000000000
1036,1034,1034,0 days 00:04:59.000000000
1023,1000,6846,0 days 00:24:55.000000000
1035,1001,8933,0 days 00:27:10.000000000
1031,1045,6683,0 days 00:21:50.000000000
1022,1045,6497,0 days 00:21:25.000000000
1008,1017,2696,0 days 00:10:52.000000000
1017,1046,7494,0 days 00:26:17.000000000
1025,1046,7986,0 days 00:26:46.000000000
1043,1049,3797,0 days 00:13:22.000000000
1022,1011,6561,0 days 00:23:08.000000000
1048,1012,6247,0 days 00:20:25.000000000
1032,1016,6258,0 days 00:22:36.000000000
1040,1018,4222,0 days 00:15:50.000000000
1023,1036,2942,0 days 00:12:11.000000000
1036,1032,3646,0 days 00:13:44.000000000
1012,1048,6247,0 days 00:20:39.000000000
1017,1048,8375,0 days 00:26:11.000000000
1029,1012,9513,0 days 00:34:47.000000000
1033,1003,9752,0 days 00:31:38.000000000
1032,1026,1068,0 days 00:04:33.000000000
1021,1049,9241,0 days 00:30:52.000000000
1023,1019,2410,0 days 00:09:21.000000000
1033,1001,10406,0 days 00:33:05.000000000
1040,1048,3802,0 days 00:11:38.000000000
1019,1049,7436,0 days 00:27:54.000000000
1015,1036,7962,0 days 00:37:53.000000000
1043,1003,5287,0 days 00:17:55.000000000
1039,1004,4524,0 days 00:14:39.000000000
1045,1011,6445,0 days 00:22:34.000000000
1042,1031,4711,0 days 00:19:36.000000000
1039,1013,6211,0 days 00:22:10.000000000
1043,1005,5271,0 days 00:18:13.000000000
1007,1011,2453,0 days 00:11:15.000000000
1001,1033,10328,0 days 00:37:40.000000000
1034,1038,2308,0 days 00:10:19.000000000
1045,1028,8508,0 days 00:31:54.000000000
1029,1037,3320,0 days 00:12:52.000000000
1026,1012,8764,0 days 00:31:34.000000000
1048,1014,7258,0 days 00:25:09.000000000
1034,1011,9357,0 days 00:31:37.000000000
1007,1038,3590,0 days 00:15:50.000000000
1047,1012,6778,0 days 00:21:53.000000000
1047,1011,6938,0 days 00:23:04.000000000
1018,1045,9396,0 days 00:33:03.000000000
1014,1016,3399,0 days 00:12:03.000000000
1031,1000,10472,0 days 00:33:41.000000000
1016,1041,5596,0 days 00:28:54.000000000
1038,1032,4929,0 days 00:18:56.000000000
1017,1025,4895,0 days 00:22:43.000000000
1027,1030,764,0 days 00:04:15.000000000
1026,1029,540,0 days 00:02:36.000000000
1045,1018,9480,0 days 00:33:59.000000000
1041,1016,5183,0 days 00:18:00.000000000
1012,1050,4998,0 days 00:17:50.000000000
1012,1004,2264,0 days 00:10:59.000000000
1036,1007,3490,0 days 00:13:50.000000000
1046,1002,5742,0 days 00:17:46.000000000
1017,1041,5292,0 days 00:27:54.000000000
1001,1024,7668,0 days 00:32:19.000000000
1045,1005,5195,0 days 00:17:06.000000000
1032,1017,6168,0 days 00:23:10.000000000
1018,1023,2950,0 days 00:15:46.000000000
1011,1047,6938,0 days 00:21:47.000000000
1024,1019,3049,0 days 00:11:18.000000000
1026,1040,3725,0 days 00:14:26.000000000
1040,1011,5556,0 days 00:20:17.000000000
1046,1005,5561,0 days 00:18:07.000000000
1004,1021,5785,0 days 00:27:37.000000000
1046,1015,5982,0 days 00:23:19.000000000
1043,1041,900,0 days 00:03:29.000000000
1043,1023,3700,0 days 00:15:13.000000000
1007,1024,5762,0 days 00:28:52.000000000
1048,1018,10573,0 days 00:34:04.000000000
1005,1028,11797,0 days 00:42:30.000000000
1045,1050,8865,0 days 00:30:17.000000000
1027,1023,1988,0 days 00:07:53.000000000
1021,1012,6672,0 days 00:23:40.000000000
1007,1019,5729,0 days 00:23:11.000000000
1018,1006,4235,0 days 00:16:21.000000000
1025,1036,4055,0 days 00:16:23.000000000
1028,1025,3023,0 days 00:13:44.000000000
1010,1045,5991,0 days 00:20:19.000000000
1018,1048,10577,0 days 00:32:07.000000000
1033,1005,9736,0 days 00:31:56.000000000
1044,1024,4517,0 days 00:19:43.000000000
1035,1004,7843,0 days 00:23:18.000000000
1026,1001,7970,0 days 00:29:17.000000000
1004,1041,5171,0 days 00:22:37.000000000
1042,1024,4227,0 days 00:18:28.000000000
1040,1030,3428,0 days 00:12:45.000000000
1019,1027,4419,0 days 00:23:03.000000000
1008,1012,2959,0 days 00:13:08.000000000
1008,1049,2712,0 days 00:12:04.000000000
1008,1047,2859,0 days 00:10:54.000000000
1019,1041,4456,0 days 00:23:20.000000000
1044,1009,5570,0 days 00:20:22.000000000
1028,1044,6138,0 days 00:23:21.000000000
1032,1004,9756,0 days 00:30:55.000000000
1025,1000,7048,0 days 00:24:01.000000000
1026,1050,4228,0 days 00:15:01.000000000
1017,1037,6880,0 days 00:30:36.000000000
1037,1027,3613,0 days 00:13:40.000000000
1049,1036,4289,0 days 00:17:40.000000000
1021,1003,5775,0 days 00:20:57.000000000
1021,1027,2870,0 days 00:12:36.000000000
1040,1032,3278,0 days 00:11:16.000000000
1016,1036,5667,0 days 00:28:30.000000000
1003,1024,7759,0 days 00:32:09.000000000
1001,1043,5656,0 days 00:24:31.000000000
1011,1033,11048,0 days 00:41:45.000000000
1049,1023,8644,0 days 00:33:05.000000000
1042,1010,2324,0 days 00:09:14.000000000
1025,1010,6167,0 days 00:20:17.000000000
1046,1041,3009,0 days 00:13:25.000000000
1048,1010,4328,0 days 00:15:21.000000000
1023,1031,1137,0 days 00:05:30.000000000
1047,1022,5413,0 days 00:28:35.000000000
1014,1038,7475,0 days 00:32:40.000000000
1020,1003,5422,0 days 00:19:30.000000000
1033,1044,4198,0 days 00:15:51.000000000
1028,1018,5455,0 days 00:20:52.000000000
1048,1027,9115,0 days 00:33:36.000000000
1028,1004,11004,0 days 00:35:15.000000000
1047,1032,9323,0 days 00:33:23.000000000
1004,1028,11225,0 days 00:40:05.000000000
1043,1031,3489,0 days 00:13:41.000000000
1039,1010,5874,0 days 00:20:43.000000000
1031,1043,4137,0 days 00:16:01.000000000
1026,1027,1004,0 days 00:04:43.000000000
1038,1031,4401,0 days 00:17:25.000000000
1008,1016,2286,0 days 00:09:49.000000000
1031,1014,9183,0 days 00:36:04.000000000
1012,1021,6570,0 days 00:28:02.000000000
1018,1002,4610,0 days 00:17:03.000000000
1035,1011,5843,0 days 00:21:14.000000000
1018,1030,3649,0 days 00:18:29.000000000
1036,1049,5228,0 days 00:19:41.000000000
1019,1035,3731,0 days 00:19:26.000000000
1006,1037,8498,0 days 00:30:42.000000000
1004,1034,7688,0 days 00:27:45.000000000
1037,1006,4617,0 days 00:17:15.000000000
1032,1050,4241,0 days 00:16:28.000000000
1011,1000,710,0 days 00:04:04.000000000
1019,1007,5787,0 days 00:23:04.000000000
1011,1010,1384,0 days 00:06:57.000000000
1031,1044,4281,0 days 00:16:35.000000000
1042,1003,2484,0 days 00:09:13.000000000
1019,1040,3939,0 days 00:20:43.000000000
1030,1041,3641,0 days 00:15:14.000000000
1035,1047,3617,0 days 00:11:15.000000000
1030,1033,1194,0 days 00:05:38.000000000
1049,1043,3311,0 days 00:13:52.000000000
1039,1001,5614,0 days 00:18:31.000000000
1037,1013,7479,0 days 00:27:11.000000000
1035,1013,5703,0 days 00:20:24.000000000
1013,1004,1708,0 days 00:08:30.000000000
1003,1015,2618,0 days 00:11:07.000000000
1011,1003,1527,0 days 00:07:01.000000000
1044,1038,727,0 days 00:04:41.000000000
1021,1035,2577,0 days 00:10:16.000000000
1010,1032,7442,0 days 00:33:31.000000000
1002,1050,4217,0 days 00:15:46.000000000
1036,1002,6039,0 days 00:20:30.000000000
1044,1012,6455,0 days 00:23:31.000000000
1035,1000,8916,0 days 00:27:01.000000000
1032,1038,4293,0 days 00:16:32.000000000
1023,1044,3849,0 days 00:15:04.000000000
1042,1042,0,0 days 00:00:00.000000000
1032,1022,2134,0 days 00:09:55.000000000
1017,1026,5610,0 days 00:25:22.000000000
1046,1018,7615,0 days 00:29:15.000000000
1033,1006,6610,0 days 00:27:15.000000000
1030,1026,609,0 days 00:03:02.000000000
1027,1037,3613,0 days 00:13:17.000000000
1009,1045,6101,0 days 00:21:37.000000000
1019,1045,9955,0 days 00:35:06.000000000
1033,1013,8130,0 days 00:30:00.000000000
1019,1015,7151,0 days 00:23:20.000000000
1013,1023,6973,0 days 00:28:58.000000000
1030,1006,6291,0 days 00:27:12.000000000
1015,1008,3258,0 days 00:15:45.000000000
1034,1046,5338,0 days 00:16:20.000000000
1003,1028,11703,0 days 00:42:28.000000000
1003,1008,1345,0 days 00:08:47.000000000
1028,1049,10470,0 days 00:34:39.000000000
1047,1035,7231,0 days 00:26:42.000000000
1028,1002,11604,0 days 00:37:37.000000000
1000,1019,5189,0 days 00:21:06.000000000
1011,1025,7526,0 days 00:33:34.000000000
1017,1043,7032,0 days 00:31:18.000000000
1050,1030,3733,0 days 00:18:02.000000000
1043,1001,5941,0 days 00:19:23.000000000
1023,1002,6931,0 days 00:25:11.000000000
1050,1022,2107,0 days 00:12:05.000000000
1011,1024,8012,0 days 00:34:13.000000000
1009,1008,1612,0 days 00:09:45.000000000
1045,1014,8839,0 days 00:29:51.000000000
1050,1032,4241,0 days 00:21:33.000000000
1018,1022,2311,0 days 00:13:18.000000000
1036,1000,6512,0 days 00:21:52.000000000
1037,1022,2799,0 days 00:12:53.000000000
1005,1039,5269,0 days 00:22:52.000000000
1009,1048,7348,0 days 00:22:33.000000000
1028,1003,11440,0 days 00:37:40.000000000
1034,1043,2654,0 days 00:10:25.000000000
1028,1020,4644,0 days 00:18:21.000000000
1042,1048,2738,0 days 00:08:38.000000000
1044,1002,4846,0 days 00:16:19.000000000
1034,1042,3220,0 days 00:16:53.000000000
1042,1006,1760,0 days 00:05:42.000000000
1041,1013,4951,0 days 00:17:44.000000000
1030,1029,684,0 days 00:03:01.000000000
1002,1044,5152,0 days 00:22:29.000000000
1006,1033,6428,0 days 00:31:20.000000000
1013,1042,3001,0 days 00:19:21.000000000
1038,1000,5631,0 days 00:19:16.000000000
1005,1011,1384,0 days 00:06:06.000000000
1001,1044,5219,0 days 00:22:34.000000000
1003,1043,5159,0 days 00:22:53.000000000
1027,1025,2209,0 days 00:10:41.000000000
1049,1008,4127,0 days 00:15:39.000000000
1011,1009,1624,0 days 00:07:54.000000000
1032,1006,7049,0 days 00:28:56.000000000
1020,1047,8486,0 days 00:28:54.000000000
1044,1003,4682,0 days 00:16:22.000000000
1043,1006,3398,0 days 00:12:29.000000000
1044,1015,7158,0 days 00:26:20.000000000
1021,1009,4440,0 days 00:15:07.000000000
1015,1044,7397,0 days 00:31:26.000000000
1043,1002,5451,0 days 00:17:52.000000000
1036,1013,7126,0 days 00:25:41.000000000
1013,1020,5472,0 days 00:23:50.000000000
1033,1009,6670,0 days 00:24:25.000000000
1002,1043,5590,0 days 00:24:26.000000000
1050,1047,10589,0 days 00:31:51.000000000
1011,1048,6407,0 days 00:20:17.000000000
1018,1033,4041,0 days 00:21:07.000000000
1017,1042,3784,0 days 00:20:38.000000000
1043,1026,4602,0 days 00:18:20.000000000
1010,1033,7038,0 days 00:31:53.000000000
1046,1019,8174,0 days 00:31:13.000000000
1039,1032,4426,0 days 00:16:59.000000000
1047,1034,7084,0 days 00:25:51.000000000
1032,1044,4638,0 days 00:17:32.000000000
1021,1006,5379,0 days 00:20:02.000000000
1019,1037,4720,0 days 00:23:17.000000000
1001,1030,7865,0 days 00:34:05.000000000
1014,1046,9061,0 days 00:28:41.000000000
1028,1038,5645,0 days 00:21:28.000000000
1018,1021,1775,0 days 00:11:44.000000000
1011,1043,6377,0 days 00:28:36.000000000
1034,1002,8288,0 days 00:25:47.000000000
1038,1019,5574,0 days 00:22:56.000000000
1019,1024,3097,0 days 00:15:05.000000000
1047,1044,2820,0 days 00:13:08.000000000
1000,1034,8797,0 days 00:32:17.000000000
1020,1029,3122,0 days 00:13:03.000000000
1016,1035,4841,0 days 00:25:03.000000000
1033,1004,9316,0 days 00:29:13.000000000
1020,1045,7639,0 days 00:25:56.000000000
1022,1044,3754,0 days 00:15:02.000000000
1027,1016,6753,0 days 00:23:57.000000000
1032,1020,3264,0 days 00:14:19.000000000
1035,1050,4000,0 days 00:15:52.000000000
1020,1032,3649,0 days 00:14:13.000000000
1005,1027,10822,0 days 00:39:23.000000000
1012,1025,8050,0 days 00:33:06.000000000
1011,1044,5939,0 days 00:26:40.000000000
1003,1040,5462,0 days 00:28:42.000000000
1013,1005,1480,0 days 00:07:55.000000000
1000,1035,8944,0 days 00:33:09.000000000
1045,1038,2113,0 days 00:14:09.000000000
1007,1023,5261,0 days 00:26:51.000000000
1007,1044,2928,0 days 00:12:01.000000000
1046,1011,4898,0 days 00:19:17.000000000
1020,1039,4730,0 days 00:19:57.000000000
1011,1046,8354,0 days 00:25:57.000000000
1045,1022,6497,0 days 00:26:51.000000000
1050,1045,8867,0 days 00:30:56.000000000
1001,1042,2623,0 days 00:16:05.000000000
1026,1013,7992,0 days 00:28:35.000000000
1026,1017,5590,0 days 00:20:03.000000000
1018,1041,4975,0 days 00:24:45.000000000
1026,1035,3128,0 days 00:12:11.000000000
1032,1012,9342,0 days 00:34:40.000000000
1028,1050,5489,0 days 00:20:48.000000000
1037,1018,4797,0 days 00:19:10.000000000
1033,1007,6378,0 days 00:27:14.000000000
1050,1016,2061,0 days 00:06:37.000000000
1035,1026,3431,0 days 00:13:38.000000000
1013,1021,5797,0 days 00:24:57.000000000
1036,1025,4149,0 days 00:18:57.000000000
1007,1010,1632,0 days 00:08:17.000000000
1042,1046,2384,0 days 00:09:05.000000000
1002,1038,5416,0 days 00:24:48.000000000
1001,1034,8664,0 days 00:31:47.000000000
1043,1010,4035,0 days 00:16:05.000000000
1009,1022,4959,0 days 00:22:09.000000000
1034,1047,5819,0 days 00:18:15.000000000
1019,1026,3326,0 days 00:17:05.000000000
1044,1033,4228,0 days 00:17:34.000000000
1033,1030,1371,0 days 00:06:16.000000000
1035,1003,8278,0 days 00:25:42.000000000
1050,1015,4363,0 days 00:16:24.000000000
1030,1037,3317,0 days 00:12:55.000000000
1011,1020,5721,0 days 00:27:23.000000000
1003,1035,8314,0 days 00:31:00.000000000
1050,1044,5786,0 days 00:26:20.000000000
1036,1048,4627,0 days 00:17:05.000000000
1026,1031,1162,0 days 00:04:11.000000000
1001,1029,10987,0 days 00:40:01.000000000
1028,1021,3945,0 days 00:16:16.000000000
1024,1018,3273,0 days 00:11:47.000000000
1006,1042,1764,0 days 00:11:52.000000000
1030,1027,764,0 days 00:04:17.000000000
1011,1008,2335,0 days 00:13:17.000000000
1027,1021,3191,0 days 00:13:16.000000000
1024,1003,7642,0 days 00:27:38.000000000
1006,1004,538,0 days 00:02:29.000000000
1038,1033,4354,0 days 00:17:17.000000000
1047,1014,7789,0 days 00:26:37.000000000
1039,1046,2497,0 days 00:09:42.000000000
1040,1046,3681,0 days 00:14:13.000000000
1043,1029,4101,0 days 00:15:53.000000000
1004,1031,9399,0 days 00:33:47.000000000
1009,1046,6467,0 days 00:22:39.000000000
1032,1030,1211,0 days 00:05:09.000000000
1030,1032,1211,0 days 00:04:12.000000000
1021,1044,4316,0 days 00:16:58.000000000
1023,1001,7054,0 days 00:25:50.000000000
1018,1003,4630,0 days 00:17:16.000000000
1019,1046,10321,0 days 00:36:07.000000000
1044,1011,5915,0 days 00:22:09.000000000
1017,1030,5577,0 days 00:25:09.000000000
1004,1007,1105,0 days 00:05:26.000000000
1043,1011,4855,0 days 00:19:03.000000000
1027,1011,9189,0 days 00:34:24.000000000
1028,1006,8298,0 days 00:33:16.000000000
1007,1025,7693,0 days 00:33:41.000000000
1032,1048,8620,0 days 00:27:41.000000000
1016,1025,5199,0 days 00:23:42.000000000
1016,1026,5914,0 days 00:26:21.000000000
1028,1039,5859,0 days 00:23:00.000000000
1032,1043,4493,0 days 00:16:58.000000000
1017,1032,6084,0 days 00:28:40.000000000
1044,1016,6325,0 days 00:23:01.000000000
1000,1008,1748,0 days 00:09:39.000000000
1016,1044,6272,0 days 00:28:36.000000000
1042,1022,3657,0 days 00:16:44.000000000
1013,1044,5951,0 days 00:27:03.000000000
1017,1038,6859,0 days 00:31:41.000000000
1030,1043,4510,0 days 00:17:27.000000000
1009,1033,6689,0 days 00:29:59.000000000
1001,1023,6879,0 days 00:30:37.000000000
1021,1031,2618,0 days 00:10:18.000000000
1030,1019,3406,0 days 00:13:04.000000000
1042,1047,2266,0 days 00:07:20.000000000
1047,1040,3041,0 days 00:16:23.000000000
1029,1003,10393,0 days 00:34:17.000000000
1006,1038,5045,0 days 00:23:22.000000000
1014,1045,8695,0 days 00:27:39.000000000
1022,1015,6573,0 days 00:23:17.000000000
1027,1035,3005,0 days 00:11:16.000000000
1005,1020,5319,0 days 00:24:21.000000000
1020,1006,5027,0 days 00:18:35.000000000
1016,1020,3393,0 days 00:17:32.000000000
1002,1018,4833,0 days 00:19:28.000000000
1000,1043,5789,0 days 00:25:02.000000000
1005,1041,5743,0 days 00:25:02.000000000
1032,1018,4207,0 days 00:16:32.000000000
1004,1029,10011,0 days 00:35:59.000000000
1000,1039,5805,0 days 00:24:59.000000000
1011,1004,1696,0 days 00:08:07.000000000
1033,1000,10389,0 days 00:32:56.000000000
1033,1015,8267,0 days 00:31:30.000000000
1026,1045,7656,0 days 00:25:05.000000000
1045,1008,3753,0 days 00:14:19.000000000
1027,1036,3968,0 days 00:14:48.000000000
1018,1035,4250,0 days 00:20:51.000000000
1012,1039,6961,0 days 00:31:26.000000000
1037,1046,3765,0 days 00:14:43.000000000
1045,1019,8191,0 days 00:32:31.000000000
1047,1020,6468,0 days 00:32:39.000000000
1029,1044,4839,0 days 00:18:29.000000000
1010,1044,5458,0 days 00:24:25.000000000
1019,1039,5304,0 days 00:26:32.000000000
1032,1047,7886,0 days 00:25:44.000000000
1024,1001,7746,0 days 00:28:04.000000000
1012,1006,2222,0 days 00:10:56.000000000
1012,1036,12743,0 days 00:44:50.000000000
1001,1020,5378,0 days 00:25:29.000000000
1050,1028,5489,0 days 00:26:25.000000000
1018,1007,5229,0 days 00:21:01.000000000
1029,1045,7241,0 days 00:23:44.000000000
1048,1023,8088,0 days 00:30:39.000000000
1008,1045,3322,0 days 00:13:38.000000000
1029,1002,10557,0 days 00:34:14.000000000
1022,1012,7208,0 days 00:24:45.000000000
1001,1036,6230,0 days 00:27:11.000000000
1014,1025,8602,0 days 00:34:30.000000000
1029,1043,4695,0 days 00:17:55.000000000
1020,1038,5426,0 days 00:21:25.000000000
1004,1018,4743,0 days 00:20:12.000000000
1007,1033,6199,0 days 00:29:52.000000000
1012,1038,6771,0 days 00:31:51.000000000
1031,1046,7049,0 days 00:22:52.000000000
1019,1009,3854,0 days 00:13:28.000000000
1030,1020,2767,0 days 00:11:28.000000000
1000,1046,6251,0 days 00:20:01.000000000
1011,1005,1419,0 days 00:07:23.000000000
1025,1027,1720,0 days 00:07:22.000000000
1025,1028,2988,0 days 00:12:11.000000000
1043,1027,4340,0 days 00:16:52.000000000
1050,1042,3154,0 days 00:20:39.000000000
1008,1034,4365,0 days 00:21:38.000000000
1023,1006,6555,0 days 00:24:29.000000000
1048,1021,8565,0 days 00:33:21.000000000
1045,1009,6099,0 days 00:20:48.000000000
1032,1009,7109,0 days 00:26:07.000000000
1034,1006,4980,0 days 00:22:35.000000000
1002,1014,3071,0 days 00:13:38.000000000
1043,1012,7060,0 days 00:25:04.000000000
1000,1033,10461,0 days 00:38:10.000000000
1000,1037,9069,0 days 00:32:45.000000000
1040,1005,4224,0 days 00:14:03.000000000
1001,1035,8811,0 days 00:32:38.000000000
1028,1000,12077,0 days 00:38:58.000000000
1024,1000,7538,0 days 00:27:09.000000000
1010,1025,6252,0 days 00:27:34.000000000
1029,1009,7281,0 days 00:26:14.000000000
1021,1005,5410,0 days 00:20:18.000000000
1017,1024,5380,0 days 00:23:22.000000000
1006,1014,3344,0 days 00:14:28.000000000
1022,1007,5186,0 days 00:23:59.000000000
1041,1002,4234,0 days 00:13:26.000000000
1034,1016,4761,0 days 00:18:57.000000000
1041,1025,4385,0 days 00:18:50.000000000
1028,1045,8288,0 days 00:27:08.000000000
1034,1025,2743,0 days 00:12:45.000000000
1013,1033,8063,0 days 00:34:20.000000000
1000,1020,5348,0 days 00:25:26.000000000
1032,1000,10829,0 days 00:34:38.000000000
1050,1043,5641,0 days 00:25:45.000000000
1012,1042,3905,0 days 00:23:00.000000000
1044,1007,2927,0 days 00:12:12.000000000
1000,1036,6363,0 days 00:27:42.000000000
1019,1008,5466,0 days 00:23:13.000000000
1020,1048,9220,0 days 00:30:51.000000000
1034,1007,4749,0 days 00:22:35.000000000
1008,1014,4042,0 days 00:18:06.000000000
1042,1034,3220,0 days 00:14:23.000000000
1042,1023,3726,0 days 00:16:27.000000000
1034,1009,6533,0 days 00:23:21.000000000
1014,1005,2740,0 days 00:11:13.000000000
1038,1013,6245,0 days 00:23:04.000000000
1042,1009,2481,0 days 00:08:58.000000000
1011,1022,6582,0 days 00:30:03.000000000
1021,1048,8640,0 days 00:28:15.000000000
1022,1047,7344,0 days 00:24:22.000000000
1038,1024,4643,0 days 00:19:27.000000000
1000,1022,6209,0 days 00:28:06.000000000
1025,1013,7277,0 days 00:24:14.000000000
1021,1008,5478,0 days 00:24:26.000000000
1030,1009,6612,0 days 00:23:16.000000000
1038,1050,5912,0 days 00:23:29.000000000
1024,1045,6925,0 days 00:23:19.000000000
1019,1004,5362,0 days 00:20:22.000000000
1044,1047,2700,0 days 00:10:56.000000000
1023,1005,6586,0 days 00:24:44.000000000
1021,1038,4846,0 days 00:18:50.000000000
1036,1016,5694,0 days 00:22:49.000000000
1037,1011,7461,0 days 00:27:51.000000000
1019,1002,5169,0 days 00:19:06.000000000
1035,1030,2998,0 days 00:11:57.000000000
1035,1009,5179,0 days 00:18:00.000000000
1045,1027,7534,0 days 00:28:46.000000000
1001,1028,12200,0 days 00:44:06.000000000
1045,1030,7362,0 days 00:28:34.000000000
1024,1010,6657,0 days 00:23:26.000000000
1030,1045,7238,0 days 00:23:48.000000000
1049,1044,3986,0 days 00:19:05.000000000
1042,1043,2670,0 days 00:12:55.000000000
1038,1028,6109,0 days 00:24:32.000000000
1027,1001,11340,0 days 00:36:09.000000000
1014,1048,7114,0 days 00:23:01.000000000
1040,1002,4699,0 days 00:15:09.000000000
1042,1005,2095,0 days 00:07:56.000000000
1013,1038,6215,0 days 00:29:22.000000000
1014,1022,7658,0 days 00:30:59.000000000
1046,1038,2480,0 days 00:15:10.000000000
1026,1011,8117,0 days 00:29:57.000000000
1037,1003,6227,0 days 00:22:05.000000000
1022,1002,6291,0 days 00:21:49.000000000
1009,1024,6388,0 days 00:26:19.000000000
1003,1022,6330,0 days 00:27:59.000000000
1016,1022,4255,0 days 00:20:12.000000000
1014,1040,7232,0 days 00:35:19.000000000
1049,1034,7108,0 days 00:26:49.000000000
1028,1001,12094,0 days 00:39:07.000000000
1030,1011,8197,0 days 00:30:13.000000000
1025,1050,3138,0 days 00:10:12.000000000
1034,1012,9897,0 days 00:33:00.000000000
1006,1039,5234,0 days 00:22:56.000000000
1046,1014,8244,0 days 00:28:28.000000000
1002,1020,5549,0 days 00:25:46.000000000
1036,1018,4809,0 days 00:18:49.000000000
1050,1025,3274,0 days 00:16:34.000000000
1046,1040,3253,0 days 00:16:04.000000000
1028,1012,10590,0 days 00:39:00.000000000
1032,1035,2511,0 days 00:09:54.000000000
1010,1035,5341,0 days 00:28:50.000000000
1016,1008,2316,0 days 00:12:37.000000000
1038,1007,3268,0 days 00:13:45.000000000
1016,1033,5985,0 days 00:28:01.000000000
1012,1046,8194,0 days 00:26:19.000000000
1037,1015,8704,0 days 00:32:03.000000000
1017,1036,5363,0 days 00:27:30.000000000
1049,1033,8772,0 days 00:32:42.000000000
1050,1026,3989,0 days 00:19:13.000000000
1018,1014,5725,0 days 00:22:22.000000000
1049,1040,4032,0 days 00:18:32.000000000
1050,1031,3884,0 days 00:20:03.000000000
1014,1050,5550,0 days 00:19:14.000000000
1016,1038,6536,0 days 00:30:55.000000000
1025,1005,6787,0 days 00:23:50.000000000
1006,1021,5256,0 days 00:24:16.000000000
1006,1034,8226,0 days 00:30:15.000000000
1002,1040,5802,0 days 00:29:20.000000000
1033,1038,3854,0 days 00:14:51.000000000
1013,1037,9669,0 days 00:36:42.000000000
1049,1021,9121,0 days 00:35:47.000000000
1031,1011,8338,0 days 00:32:04.000000000
1047,1038,4226,0 days 00:20:26.000000000
1031,1018,3850,0 days 00:15:33.000000000
1042,1045,2729,0 days 00:10:03.000000000
1038,1016,6637,0 days 00:24:36.000000000
1039,1003,4960,0 days 00:17:03.000000000
1039,1023,3467,0 days 00:14:43.000000000
1007,1036,3406,0 days 00:14:25.000000000
1008,1036,4704,0 days 00:22:08.000000000
1013,1025,7277,0 days 00:30:01.000000000
1041,1030,4015,0 days 00:15:52.000000000
1013,1035,8273,0 days 00:34:03.000000000
1033,1048,8181,0 days 00:26:00.000000000
1037,1005,6211,0 days 00:22:22.000000000
1029,1010,7630,0 days 00:27:52.000000000
1046,1033,7002,0 days 00:26:28.000000000
1050,1014,5196,0 days 00:20:15.000000000
1013,1024,7763,0 days 00:30:41.000000000
1046,1027,7900,0 days 00:29:48.000000000
1023,1013,7076,0 days 00:25:08.000000000
1013,1007,2364,0 days 00:11:30.000000000
1009,1037,9285,0 days 00:35:23.000000000
1008,1046,2977,0 days 00:12:40.000000000
1014,1002,2375,0 days 00:08:48.000000000
1007,1009,1790,0 days 00:08:02.000000000
1041,1018,4808,0 days 00:18:57.000000000
1048,1044,3431,0 days 00:16:39.000000000
1031,1049,8865,0 days 00:29:21.000000000
1009,1041,5535,0 days 00:29:30.000000000
1044,1034,2271,0 days 00:09:37.000000000
1041,1009,4428,0 days 00:15:21.000000000
1047,1018,7403,0 days 00:29:34.000000000
1044,1017,6735,0 days 00:24:04.000000000
1024,1007,5747,0 days 00:26:42.000000000
1020,1007,6021,0 days 00:23:15.000000000
1035,1048,4089,0 days 00:12:34.000000000
1038,1029,5013,0 days 00:19:38.000000000
1048,1035,6700,0 days 00:25:15.000000000
1017,1033,5681,0 days 00:27:02.000000000
1019,1043,5325,0 days 00:25:34.000000000
1009,1025,5903,0 days 00:25:40.000000000
1001,1022,6239,0 days 00:28:09.000000000
1012,1044,6507,0 days 00:29:32.000000000
1047,1009,4022,0 days 00:16:23.000000000
1011,1027,11946,0 days 00:45:05.000000000
1033,1012,8902,0 days 00:32:58.000000000
1031,1010,7102,0 days 00:26:46.000000000
1017,1028,7333,0 days 00:33:32.000000000
1025,1009,5817,0 days 00:18:40.000000000
1049,1038,4250,0 days 00:21:24.000000000
1008,1043,2925,0 days 00:14:22.000000000
1016,1034,5760,0 days 00:26:03.000000000
1015,1025,8268,0 days 00:34:07.000000000
1035,1016,4780,0 days 00:19:28.000000000
1043,1025,5180,0 days 00:21:56.000000000
1031,1015,8350,0 days 00:32:13.000000000
1018,1034,3816,0 days 00:19:09.000000000
1036,1030,3796,0 days 00:15:12.000000000
1014,1006,2578,0 days 00:10:34.000000000
1025,1043,4817,0 days 00:18:43.000000000
1019,1033,3521,0 days 00:19:43.000000000
1005,1037,8532,0 days 00:30:37.000000000
1008,1007,768,0 days 00:04:46.000000000
1025,1045,7620,0 days 00:25:45.000000000
1006,1035,4640,0 days 00:24:44.000000000
1018,1024,3519,0 days 00:16:21.000000000
1010,1030,6934,0 days 00:30:00.000000000
1034,1019,3327,0 days 00:13:08.000000000
1000,1024,7638,0 days 00:32:16.000000000
1001,1039,5672,0 days 00:24:28.000000000
1012,1043,6945,0 days 00:31:29.000000000
1028,1013,9818,0 days 00:36:02.000000000
1018,1044,5989,0 days 00:27:32.000000000
1003,1036,5733,0 days 00:25:33.000000000
1015,1034,8829,0 days 00:36:28.000000000
1013,1031,8110,0 days 00:34:28.000000000
1034,1017,5591,0 days 00:20:24.000000000
1014,1023,8297,0 days 00:33:27.000000000
1044,1023,3844,0 days 00:16:57.000000000
1004,1037,7960,0 days 00:28:13.000000000
1042,1002,2562,0 days 00:08:50.000000000
1029,1018,4378,0 days 00:16:39.000000000
1007,1039,3406,0 days 00:14:09.000000000
1035,1005,4511,0 days 00:15:00.000000000
1004,1043,4680,0 days 00:20:30.000000000
1044,1022,3749,0 days 00:17:29.000000000
1015,1050,4344,0 days 00:16:41.000000000
1034,1050,3664,0 days 00:13:42.000000000
1028,1005,11424,0 days 00:37:58.000000000
1018,1047,11108,0 days 00:33:37.000000000
1026,1009,6532,0 days 00:23:01.000000000
1040,1012,6320,0 days 00:23:02.000000000
1032,1002,10356,0 days 00:33:16.000000000
1011,1039,6393,0 days 00:28:34.000000000
1009,1043,6006,0 days 00:27:40.000000000
1033,1011,8255,0 days 00:31:22.000000000
1024,1013,7767,0 days 00:27:22.000000000
1049,1022,8634,0 days 00:34:07.000000000
1005,1043,5252,0 days 00:22:55.000000000
1008,1028,7682,0 days 00:33:10.000000000
1044,1018,5747,0 days 00:23:46.000000000
1039,1019,5067,0 days 00:20:55.000000000
1039,1030,4577,0 days 00:18:27.000000000
1041,1026,4448,0 days 00:17:32.000000000
1043,1022,3605,0 days 00:15:46.000000000
1038,1005,4978,0 days 00:18:15.000000000
1027,1015,9201,0 days 00:34:32.000000000
1024,1047,7773,0 days 00:26:16.000000000
1020,1012,7730,0 days 00:23:37.000000000
1002,1008,1685,0 days 00:09:25.000000000
1048,1009,4621,0 days 00:16:12.000000000
1006,1024,7221,0 days 00:29:59.000000000
1031,1004,9399,0 days 00:29:58.000000000
1038,1015,7470,0 days 00:27:56.000000000
1042,1021,4144,0 days 00:18:25.000000000
1007,1013,2313,0 days 00:10:25.000000000
1001,1037,8936,0 days 00:32:14.000000000
1029,1000,11031,0 days 00:35:35.000000000
1031,1017,5812,0 days 00:22:11.000000000
1005,1042,2068,0 days 00:14:32.000000000
1039,1011,6193,0 days 00:22:50.000000000
1000,1042,2893,0 days 00:16:54.000000000
1026,1002,7847,0 days 00:28:38.000000000
1003,1014,2947,0 days 00:13:18.000000000
1032,1011,8694,0 days 00:33:03.000000000
1009,1032,7092,0 days 00:31:36.000000000
1000,1040,5865,0 days 00:29:34.000000000
1050,1023,2747,0 days 00:14:33.000000000
1048,1019,11131,0 days 00:36:03.000000000
1044,1021,4237,0 days 00:19:10.000000000
1000,1030,7835,0 days 00:34:03.000000000
1011,1036,6951,0 days 00:31:17.000000000
1019,1032,3925,0 days 00:21:21.000000000
1047,1033,8748,0 days 00:31:44.000000000
1060,1001,3573,0 days 00:13:46.000000000
1060,1060,0,0 days 00:00:00.000000000
1060,1015,3659,0 days 00:18:15.000000000
1010,1060,4418,0 days 00:16:14.000000000
1000,1028,12333,0 days 00:44:37.000000000
1060,1014,2881,0 days 00:15:39.000000000
1001,1060,3581,0 days 00:14:13.000000000
1060,1000,3325,0 days 00:13:24.000000000
1013,1060,3658,0 days 00:13:21.000000000
1013,1036,6560,0 days 00:34:15.000000000
1009,1039,6022,0 days 00:27:37.000000000
1014,1047,7645,0 days 00:24:31.000000000
1002,1028,12134,0 days 00:44:01.000000000
1029,1001,11047,0 days 00:35:44.000000000
1023,1009,5616,0 days 00:19:34.000000000
1001,1041,6147,0 days 00:26:38.000000000
1009,1036,6316,0 days 00:31:53.000000000
1008,1037,5057,0 days 00:23:53.000000000
1030,1003,7946,0 days 00:29:07.000000000
1030,1048,8819,0 days 00:28:42.000000000
1003,1034,8167,0 days 00:30:09.000000000
1025,1002,7132,0 days 00:24:17.000000000
1016,1042,3462,0 days 00:19:52.000000000
1042,1012,3908,0 days 00:14:56.000000000
1026,1048,9237,0 days 00:29:59.000000000
1003,1020,5468,0 days 00:25:19.000000000
1026,1046,8023,0 days 00:26:06.000000000
1030,1007,6060,0 days 00:27:12.000000000
1024,1043,4197,0 days 00:16:57.000000000
1009,1014,3117,0 days 00:13:12.000000000
1048,1033,8217,0 days 00:30:16.000000000
1039,1007,3334,0 days 00:12:38.000000000
1005,1035,8408,0 days 00:31:01.000000000
1036,1046,3412,0 days 00:13:12.000000000
1000,1032,11036,0 days 00:39:49.000000000
1009,1035,5545,0 days 00:27:01.000000000
1036,1012,7648,0 days 00:27:43.000000000
1027,1019,4398,0 days 00:17:15.000000000
1025,1016,5200,0 days 00:16:38.000000000
1035,1046,5493,0 days 00:16:12.000000000
1014,1033,9388,0 days 00:38:49.000000000
1029,1046,7607,0 days 00:24:46.000000000
1050,1041,4772,0 days 00:23:32.000000000
1050,1046,9233,0 days 00:31:58.000000000
1046,1050,7000,0 days 00:25:33.000000000
1043,1017,5357,0 days 00:19:31.000000000
1029,1048,8822,0 days 00:28:39.000000000
1029,1011,8865,0 days 00:33:11.000000000
1026,1043,5111,0 days 00:19:16.000000000
1007,1014,4301,0 days 00:18:58.000000000
1020,1015,5685,0 days 00:20:45.000000000
1030,1000,7842,0 days 00:28:37.000000000
1039,1027,4749,0 days 00:18:40.000000000
1025,1049,9802,0 days 00:33:16.000000000
1030,1008,5790,0 days 00:25:43.000000000
1047,1019,7961,0 days 00:31:32.000000000
1042,1018,3619,0 days 00:16:47.000000000
1018,1031,4088,0 days 00:21:16.000000000
1046,1022,6863,0 days 00:27:52.000000000
1022,1046,6863,0 days 00:22:27.000000000
1037,1042,3912,0 days 00:18:53.000000000
1032,1014,9539,0 days 00:37:03.000000000
1007,1008,903,0 days 00:05:09.000000000
1029,1038,4495,0 days 00:17:30.000000000
1030,1040,3124,0 days 00:12:37.000000000
1048,1028,10089,0 days 00:36:43.000000000
1004,1040,5215,0 days 00:27:48.000000000
1027,1018,4701,0 days 00:17:52.000000000
1019,1029,3905,0 days 00:19:58.000000000
1025,1044,4962,0 days 00:19:17.000000000
1014,1008,3115,0 days 00:15:24.000000000
1046,1023,6873,0 days 00:26:51.000000000
1005,1023,6820,0 days 00:29:29.000000000
1016,1043,6710,0 days 00:30:32.000000000
1038,1027,5251,0 days 00:20:37.000000000
1022,1043,3610,0 days 00:14:28.000000000
1014,1003,2968,0 days 00:11:06.000000000
1036,1010,4901,0 days 00:19:21.000000000
1027,1013,9064,0 days 00:33:02.000000000
1044,1026,5387,0 days 00:22:22.000000000
1031,1009,6753,0 days 00:25:08.000000000
1023,1012,7848,0 days 00:28:07.000000000
1049,1009,3572,0 days 00:14:06.000000000
1009,1026,6618,0 days 00:28:19.000000000
1040,1015,6641,0 days 00:24:19.000000000
1018,1038,6519,0 days 00:29:24.000000000
1013,1026,7992,0 days 00:32:40.000000000
1046,1030,7728,0 days 00:29:35.000000000
1010,1034,8903,0 days 00:33:37.000000000
1014,1021,7122,0 days 00:29:26.000000000
1016,1028,7637,0 days 00:34:31.000000000
1045,1024,6925,0 days 00:27:36.000000000
1018,1027,4939,0 days 00:24:27.000000000
1032,1046,7406,0 days 00:23:49.000000000
1046,1032,7577,0 days 00:28:07.000000000
1018,1025,3034,0 days 00:15:41.000000000
1043,1020,4660,0 days 00:19:49.000000000
1017,1039,7048,0 days 00:31:16.000000000
1008,1022,4802,0 days 00:23:59.000000000
1032,1013,8569,0 days 00:31:41.000000000
1046,1021,7351,0 days 00:29:33.000000000
1031,1013,8213,0 days 00:30:42.000000000
1028,1009,8358,0 days 00:30:27.000000000
1028,1019,5152,0 days 00:20:15.000000000
1026,1016,5914,0 days 00:20:59.000000000
1012,1023,7745,0 days 00:32:04.000000000
1024,1046,7292,0 days 00:24:21.000000000
1030,1044,4654,0 days 00:18:02.000000000
1012,1022,7106,0 days 00:29:36.000000000
1011,1026,8241,0 days 00:36:13.000000000
1020,1008,5700,0 days 00:23:25.000000000
1048,1008,3772,0 days 00:15:18.000000000
1038,1026,5513,0 days 00:22:05.000000000
1044,1027,5125,0 days 00:20:54.000000000
1004,1026,10512,0 days 00:38:26.000000000
1002,1042,2831,0 days 00:16:39.000000000
1017,1044,6595,0 days 00:29:22.000000000
1026,1015,8129,0 days 00:30:06.000000000
1019,1044,5469,0 days 00:26:08.000000000
1006,1030,7418,0 days 00:31:46.000000000
1044,1032,4803,0 days 00:19:13.000000000
1032,1025,1969,0 days 00:10:05.000000000
1045,1040,3659,0 days 00:17:12.000000000
1027,1010,7953,0 days 00:29:05.000000000
1013,1041,6879,0 days 00:31:07.000000000
1009,1044,5568,0 days 00:25:43.000000000
1012,1026,8765,0 days 00:35:45.000000000
1036,1014,8659,0 days 00:32:27.000000000
1048,1038,3694,0 days 00:18:58.000000000
1013,1032,8467,0 days 00:35:58.000000000
1044,1028,6100,0 days 00:24:01.000000000
1036,1015,8351,0 days 00:30:32.000000000
1000,1041,6280,0 days 00:27:09.000000000
1002,1033,10262,0 days 00:37:34.000000000
1002,1041,6080,0 days 00:26:33.000000000
1026,1003,7866,0 days 00:28:51.000000000
1045,1025,7715,0 days 00:32:19.000000000
1049,1031,8819,0 days 00:32:51.000000000
1020,1014,6517,0 days 00:24:36.000000000
1010,1037,9175,0 days 00:34:04.000000000
1043,1021,4093,0 days 00:17:26.000000000
1015,1043,7835,0 days 00:33:23.000000000
1044,1029,4887,0 days 00:19:55.000000000
1043,1019,5299,0 days 00:21:25.000000000
1031,1048,8264,0 days 00:26:45.000000000
1007,1042,1535,0 days 00:10:24.000000000
1042,1039,3751,0 days 00:16:26.000000000
1015,1022,7324,0 days 00:30:37.000000000
1004,1020,5459,0 days 00:26:30.000000000
1018,1043,5845,0 days 00:26:58.000000000
1005,1040,5039,0 days 00:27:12.000000000
1039,1018,5370,0 days 00:21:33.000000000
1007,1035,4412,0 days 00:23:16.000000000
1003,1032,10406,0 days 00:37:40.000000000
1011,1037,9657,0 days 00:36:19.000000000
1011,1032,11624,0 days 00:43:24.000000000
1023,1039,3684,0 days 00:15:29.000000000
1023,1049,8689,0 days 00:29:04.000000000
1039,1005,4944,0 days 00:17:21.000000000
1016,1032,6388,0 days 00:29:39.000000000
1060,1050,7842,0 days 00:30:53.000000000
1016,1027,6882,0 days 00:31:21.000000000
1015,1038,7661,0 days 00:33:45.000000000
1049,1028,10645,0 days 00:39:09.000000000
1005,1022,6180,0 days 00:27:02.000000000
1030,1047,8085,0 days 00:26:45.000000000
1015,1040,7374,0 days 00:35:40.000000000
1023,1011,7200,0 days 00:26:30.000000000
1020,1061,1357,0 days 00:04:37.000000000
1046,1037,5610,0 days 00:21:02.000000000
1014,1028,11040,0 days 00:45:19.000000000
1050,1006,3705,0 days 00:14:14.000000000
1049,1020,7670,0 days 00:33:35.000000000
1029,1049,9423,0 days 00:31:16.000000000
1050,1034,3612,0 days 00:17:56.000000000
1039,1015,7436,0 days 00:27:01.000000000
1030,1031,856,0 days 00:03:08.000000000
1042,1016,3236,0 days 00:11:37.000000000
1040,1009,4893,0 days 00:17:04.000000000
1025,1015,7414,0 days 00:25:44.000000000
1061,1061,0,0 days 00:00:00.000000000
1020,1042,4799,0 days 00:22:49.000000000
1040,1061,4393,0 days 00:16:22.000000000
1061,1009,2731,0 days 00:09:03.000000000
1026,1008,6355,0 days 00:28:04.000000000
1050,1061,187,0 days 00:01:02.000000000
1061,1011,4316,0 days 00:15:59.000000000
1061,1019,1123,0 days 00:05:02.000000000
1011,1061,4440,0 days 00:18:02.000000000
1009,1061,2817,0 days 00:10:07.000000000
1025,1061,3086,0 days 00:09:37.000000000
1024,1015,7904,0 days 00:28:53.000000000
1061,1017,1790,0 days 00:06:05.000000000
1017,1061,1808,0 days 00:07:11.000000000
1061,1012,4963,0 days 00:17:36.000000000
1012,1034,8611,0 days 00:35:27.000000000
1023,1050,2747,0 days 00:09:55.000000000
1061,1050,187,0 days 00:01:08.000000000
1043,1009,4192,0 days 00:15:50.000000000
1061,1020,1281,0 days 00:09:21.000000000
1043,1030,4168,0 days 00:16:40.000000000
1003,1026,7989,0 days 00:34:08.000000000
1002,1061,4268,0 days 00:16:25.000000000
1010,1042,2464,0 days 00:15:58.000000000
1061,1016,2114,0 days 00:07:01.000000000
1005,1033,9924,0 days 00:36:03.000000000
1022,1061,2245,0 days 00:07:09.000000000
